subgroup,accuracy,PPV,NPV,TPR,TNR,f1,auroc,accuracy_group_0,accuracy_group_1,disease_prevalence_group_0,disease_prevalence_group_1,prevalence_group_0,prevalence_group_1,auc_group_0,auc_group_1,tpr_group_0,tpr_group_1,tnr_group_0,tnr_group_1,balanced_acc_group_0,balanced_acc_group_1
age,0.8662674650698603,0.5573770491803278,0.8862911795961743,0.24113475177304963,0.9686411149825784,0.3366336633663366,0.8569945881829638,0.9017980636237898,0.7741935483870968,0.09681881051175657,0.25448028673835127,0.7215568862275449,0.27844311377245506,0.8913148107635089,0.7569745395449621,0.18571428571428572,0.29577464788732394,0.9785604900459418,0.9375,0.5821373878801137,0.616637323943662
sex,0.8662674650698603,0.5573770491803278,0.8862911795961743,0.24113475177304963,0.9686411149825784,0.3366336633663366,0.8569945881829638,0.852670349907919,0.8823529411764706,0.14548802946593,0.13507625272331156,0.5419161676646707,0.45808383233532934,0.864578786556089,0.8481758348907126,0.21518987341772153,0.27419354838709675,0.9612068965517241,0.9773299748110831,0.5881983849847228,0.6257617615990899
