subgroup,accuracy,PPV,NPV,TPR,TNR,f1,auroc,accuracy_group_0,accuracy_group_1,disease_prevalence_group_0,disease_prevalence_group_1,prevalence_group_0,prevalence_group_1,auc_group_0,auc_group_1,tpr_group_0,tpr_group_1,tnr_group_0,tnr_group_1,balanced_acc_group_0,balanced_acc_group_1
age,0.8564206268958544,0.7068965517241379,0.8657357679914071,0.2469879518072289,0.9793438639125152,0.3660714285714286,0.8579762549590829,0.8989598811292719,0.7658227848101266,0.1025260029717682,0.3069620253164557,0.6804853387259858,0.3195146612740142,0.8450906996832709,0.8277079508543991,0.11594202898550725,0.3402061855670103,0.9884105960264901,0.954337899543379,0.5521763125059986,0.6472720425551947
sex,0.8564206268958544,0.7068965517241379,0.8657357679914071,0.2469879518072289,0.9793438639125152,0.3660714285714286,0.8579762549590829,0.8317399617590823,0.8841201716738197,0.1988527724665392,0.13304721030042918,0.5288169868554095,0.4711830131445905,0.8518680007343492,0.8575934206323858,0.28846153846153844,0.1774193548387097,0.9665871121718377,0.9925742574257426,0.627524325316688,0.5849968061322262
