subgroup,accuracy,PPV,NPV,TPR,TNR,f1,auroc,accuracy_group_0,accuracy_group_1,disease_prevalence_group_0,disease_prevalence_group_1,prevalence_group_0,prevalence_group_1,auc_group_0,auc_group_1,tpr_group_0,tpr_group_1,tnr_group_0,tnr_group_1,balanced_acc_group_0,balanced_acc_group_1
age,0.8877654196157735,0.7391304347826086,0.9073226544622426,0.5120481927710844,0.9635479951397327,0.604982206405694,0.9072450189579704,0.9286775631500743,0.8006329113924051,0.1025260029717682,0.3069620253164557,0.6804853387259858,0.3195146612740142,0.9104280641136385,0.8704514428282256,0.5072463768115942,0.5154639175257731,0.9768211920529801,0.9269406392694064,0.7420337844322872,0.7212022783975898
sex,0.8877654196157735,0.7391304347826086,0.9073226544622426,0.5120481927710844,0.9635479951397327,0.604982206405694,0.9072450189579704,0.8718929254302104,0.9055793991416309,0.1988527724665392,0.13304721030042918,0.5288169868554095,0.4711830131445905,0.9143106297044244,0.8902107952730757,0.5576923076923077,0.43548387096774194,0.9498806682577565,0.9777227722772277,0.7537864879750321,0.7066033216224848
