subgroup,accuracy,PPV,NPV,TPR,TNR,f1,auroc,accuracy_group_0,accuracy_group_1,disease_prevalence_group_0,disease_prevalence_group_1,prevalence_group_0,prevalence_group_1,auc_group_0,auc_group_1,tpr_group_0,tpr_group_1,tnr_group_0,tnr_group_1,balanced_acc_group_0,balanced_acc_group_1
age,0.874251497005988,0.5590551181102362,0.92,0.5035460992907801,0.9349593495934959,0.5298507462686568,0.8897785026482484,0.9059474412171508,0.7921146953405018,0.09681881051175657,0.25448028673835127,0.7215568862275449,0.27844311377245506,0.9279807481951433,0.7913732394366199,0.4714285714285714,0.5352112676056338,0.9525267993874426,0.8798076923076923,0.711977685408007,0.707509479956663
sex,0.874251497005988,0.5590551181102362,0.92,0.5035460992907801,0.9349593495934959,0.5298507462686568,0.8897785026482484,0.861878453038674,0.8888888888888888,0.14548802946593,0.13507625272331156,0.5419161676646707,0.45808383233532934,0.8686981667394151,0.9161046558868937,0.45569620253164556,0.5645161290322581,0.9310344827586207,0.9395465994962217,0.6933653426451332,0.7520313642642399
