subgroup,accuracy,PPV,NPV,TPR,TNR,f1,auroc,accuracy_group_0,accuracy_group_1,disease_prevalence_group_0,disease_prevalence_group_1,prevalence_group_0,prevalence_group_1,auc_group_0,auc_group_1,tpr_group_0,tpr_group_1,tnr_group_0,tnr_group_1,balanced_acc_group_0,balanced_acc_group_1
age,0.8473053892215568,0.4673913043478261,0.9327628361858191,0.6099290780141844,0.8861788617886179,0.5292307692307692,0.8753552277164109,0.9017980636237898,0.7060931899641577,0.09681881051175657,0.25448028673835127,0.7215568862275449,0.27844311377245506,0.8985342375847736,0.7831121343445288,0.6,0.6197183098591549,0.9341500765696784,0.7355769230769231,0.7670750382848393,0.677647616468039
sex,0.8473053892215568,0.4673913043478261,0.9327628361858191,0.6099290780141844,0.8861788617886179,0.5292307692307692,0.8753552277164109,0.8287292817679558,0.869281045751634,0.14548802946593,0.13507625272331156,0.5419161676646707,0.45808383233532934,0.8586861632474901,0.8952222312505078,0.5949367088607594,0.6290322580645161,0.8685344827586207,0.906801007556675,0.73173559580969,0.7679166328105955
