subgroup,accuracy,PPV,NPV,TPR,TNR,f1,auroc,accuracy_group_0,accuracy_group_1,disease_prevalence_group_0,disease_prevalence_group_1,prevalence_group_0,prevalence_group_1,auc_group_0,auc_group_1,tpr_group_0,tpr_group_1,tnr_group_0,tnr_group_1,balanced_acc_group_0,balanced_acc_group_1
age,0.8652694610778443,0.5217391304347826,0.9201388888888888,0.5106382978723404,0.9233449477351916,0.5161290322580645,0.8784606387097306,0.9100968188105117,0.7491039426523297,0.09681881051175657,0.25448028673835127,0.7215568862275449,0.27844311377245506,0.9207175672719318,0.764829360780065,0.5571428571428572,0.4647887323943662,0.9479326186830015,0.8461538461538461,0.7525377379129293,0.6554712892741061
sex,0.8652694610778443,0.5217391304347826,0.9201388888888888,0.5106382978723404,0.9233449477351916,0.5161290322580645,0.8784606387097306,0.8453038674033149,0.8888888888888888,0.14548802946593,0.13507625272331156,0.5419161676646707,0.45808383233532934,0.8662974683544304,0.8926220849922808,0.5063291139240507,0.5161290322580645,0.9030172413793104,0.947103274559194,0.7046731776516806,0.7316161534086292
