subgroup,accuracy,PPV,NPV,TPR,TNR,f1,auroc,accuracy_group_0,accuracy_group_1,disease_prevalence_group_0,disease_prevalence_group_1,prevalence_group_0,prevalence_group_1,auc_group_0,auc_group_1,tpr_group_0,tpr_group_1,tnr_group_0,tnr_group_1,balanced_acc_group_0,balanced_acc_group_1
age,0.8293413173652695,0.42924528301886794,0.9367088607594937,0.6453900709219859,0.859465737514518,0.5155807365439095,0.8722086309008987,0.8589211618257261,0.7526881720430108,0.09681881051175657,0.25448028673835127,0.7215568862275449,0.27844311377245506,0.8905928680813826,0.8100622968580716,0.6,0.6901408450704225,0.886676875957121,0.7740384615384616,0.7433384379785605,0.7320896533044421
sex,0.8293413173652695,0.42924528301886794,0.9367088607594937,0.6453900709219859,0.859465737514518,0.5155807365439095,0.8722086309008987,0.8158379373848987,0.8453159041394336,0.14548802946593,0.13507625272331156,0.5419161676646707,0.45808383233532934,0.8628601047577478,0.88177459982124,0.6455696202531646,0.6451612903225806,0.8448275862068966,0.8765743073047859,0.7451986032300306,0.7608677988136833
