subgroup,accuracy,PPV,NPV,TPR,TNR,f1,auroc,accuracy_group_0,accuracy_group_1,disease_prevalence_group_0,disease_prevalence_group_1,prevalence_group_0,prevalence_group_1,auc_group_0,auc_group_1,tpr_group_0,tpr_group_1,tnr_group_0,tnr_group_1,balanced_acc_group_0,balanced_acc_group_1
age,0.8897876643073812,0.7209302325581395,0.9151162790697674,0.5602409638554217,0.9562575941676792,0.6305084745762712,0.9215403533941355,0.9182763744427934,0.8291139240506329,0.1025260029717682,0.3069620253164557,0.6804853387259858,0.3195146612740142,0.9249688069872348,0.8946947229675658,0.4492753623188406,0.6391752577319587,0.9718543046357616,0.91324200913242,0.7105648334773011,0.7762086334321894
sex,0.8897876643073812,0.7209302325581395,0.9151162790697674,0.5602409638554217,0.9562575941676792,0.6305084745762712,0.9215403533941355,0.875717017208413,0.9055793991416309,0.1988527724665392,0.13304721030042918,0.5288169868554095,0.4711830131445905,0.913576280521388,0.9290162887256468,0.5865384615384616,0.5161290322580645,0.9474940334128878,0.9653465346534653,0.7670162474756748,0.7407377834557649
