subgroup,accuracy,PPV,NPV,TPR,TNR,f1,auroc,accuracy_group_0,accuracy_group_1,disease_prevalence_group_0,disease_prevalence_group_1,prevalence_group_0,prevalence_group_1,auc_group_0,auc_group_1,tpr_group_0,tpr_group_1,tnr_group_0,tnr_group_1,balanced_acc_group_0,balanced_acc_group_1
age,0.8776541961577351,0.68,0.90625,0.5120481927710844,0.951397326852977,0.584192439862543,0.9053565415977397,0.9004457652303121,0.8291139240506329,0.1025260029717682,0.3069620253164557,0.6804853387259858,0.3195146612740142,0.887585180919474,0.9018970955138162,0.391304347826087,0.5979381443298969,0.9586092715231788,0.9315068493150684,0.6749568096746329,0.7647224968224826
sex,0.8776541961577351,0.68,0.90625,0.5120481927710844,0.951397326852977,0.584192439862543,0.9053565415977397,0.8623326959847036,0.8948497854077253,0.1988527724665392,0.13304721030042918,0.5288169868554095,0.4711830131445905,0.9059115109234441,0.9013893324816353,0.5384615384615384,0.46774193548387094,0.9427207637231504,0.9603960396039604,0.7405911510923444,0.7140689875439157
