subgroup,accuracy,PPV,NPV,TPR,TNR,f1,auroc,accuracy_group_0,accuracy_group_1,disease_prevalence_group_0,disease_prevalence_group_1,prevalence_group_0,prevalence_group_1,auc_group_0,auc_group_1,tpr_group_0,tpr_group_1,tnr_group_0,tnr_group_1,balanced_acc_group_0,balanced_acc_group_1
age,0.8827098078867543,0.7450980392156863,0.8985343855693348,0.4578313253012048,0.968408262454435,0.5671641791044776,0.9119149746007114,0.9108469539375929,0.8227848101265823,0.1025260029717682,0.3069620253164557,0.6804853387259858,0.3195146612740142,0.9170745752951339,0.8732759026502848,0.2753623188405797,0.5876288659793815,0.9834437086092715,0.9269406392694064,0.6294030137249256,0.757284752624394
sex,0.8827098078867543,0.7450980392156863,0.8985343855693348,0.4578313253012048,0.968408262454435,0.5671641791044776,0.9119149746007114,0.875717017208413,0.8905579399141631,0.1988527724665392,0.13304721030042918,0.5288169868554095,0.4711830131445905,0.9187626216265834,0.8988741616097093,0.5576923076923077,0.2903225806451613,0.954653937947494,0.9826732673267327,0.7561731228199009,0.636497923985947
