subgroup,accuracy,PPV,NPV,TPR,TNR,f1,auroc,accuracy_group_0,accuracy_group_1,disease_prevalence_group_0,disease_prevalence_group_1,prevalence_group_0,prevalence_group_1,auc_group_0,auc_group_1,tpr_group_0,tpr_group_1,tnr_group_0,tnr_group_1,balanced_acc_group_0,balanced_acc_group_1
age,0.8705763397371082,0.6130952380952381,0.9232643118148599,0.6204819277108434,0.9210206561360875,0.6167664670658682,0.9094702015839786,0.9093610698365527,0.7879746835443038,0.1025260029717682,0.3069620253164557,0.6804853387259858,0.3195146612740142,0.9092523274786448,0.8727580850162406,0.4927536231884058,0.711340206185567,0.956953642384106,0.821917808219178,0.7248536327862559,0.7666290072023725
sex,0.8705763397371082,0.6130952380952381,0.9232643118148599,0.6204819277108434,0.9210206561360875,0.6167664670658682,0.9094702015839786,0.847036328871893,0.8969957081545065,0.1988527724665392,0.13304721030042918,0.5288169868554095,0.4711830131445905,0.9060492013952635,0.9083359948898115,0.6826923076923077,0.5161290322580645,0.8878281622911695,0.9554455445544554,0.7852602349917386,0.73578728840626
