subgroup,accuracy,PPV,NPV,TPR,TNR,f1,auroc,accuracy_group_0,accuracy_group_1,disease_prevalence_group_0,disease_prevalence_group_1,prevalence_group_0,prevalence_group_1,auc_group_0,auc_group_1,tpr_group_0,tpr_group_1,tnr_group_0,tnr_group_1,balanced_acc_group_0,balanced_acc_group_1
age,0.8837209302325582,0.7628865979381443,0.8968609865470852,0.4457831325301205,0.9720534629404617,0.5627376425855513,0.8991714122589995,0.9197622585438335,0.8069620253164557,0.1025260029717682,0.3069620253164557,0.6804853387259858,0.3195146612740142,0.8953834341107592,0.8652732664877842,0.30434782608695654,0.5463917525773195,0.9900662251655629,0.9223744292237442,0.6472070256262596,0.7343830909005319
sex,0.8837209302325582,0.7628865979381443,0.8968609865470852,0.4457831325301205,0.9720534629404617,0.5627376425855513,0.8991714122589995,0.8680688336520076,0.9012875536480687,0.1988527724665392,0.13304721030042918,0.5288169868554095,0.4711830131445905,0.9005645309344593,0.8932848930054296,0.49038461538461536,0.3709677419354839,0.9618138424821002,0.9826732673267327,0.7260992289333578,0.6768205046311082
