subgroup,accuracy,PPV,NPV,TPR,TNR,f1,auroc,accuracy_group_0,accuracy_group_1,disease_prevalence_group_0,disease_prevalence_group_1,prevalence_group_0,prevalence_group_1,auc_group_0,auc_group_1,tpr_group_0,tpr_group_1,tnr_group_0,tnr_group_1,balanced_acc_group_0,balanced_acc_group_1
age,0.8867542972699697,0.7872340425531915,0.8972067039106145,0.4457831325301205,0.9756986634264885,0.5692307692307692,0.8994349207278689,0.9138187221396731,0.8291139240506329,0.1025260029717682,0.3069620253164557,0.6804853387259858,0.3195146612740142,0.8896247240618103,0.8720519700607259,0.2753623188405797,0.5670103092783505,0.9867549668874173,0.9452054794520548,0.6310586428639985,0.7561078943652026
sex,0.8867542972699697,0.7872340425531915,0.8972067039106145,0.4457831325301205,0.9756986634264885,0.5692307692307692,0.8994349207278689,0.8795411089866156,0.8948497854077253,0.1988527724665392,0.13304721030042918,0.5288169868554095,0.4711830131445905,0.918647879566734,0.8600287448099648,0.5288461538461539,0.3064516129032258,0.9665871121718377,0.9851485148514851,0.7477166330089957,0.6458000638773554
