subgroup,accuracy,PPV,NPV,TPR,TNR,f1,auroc,accuracy_group_0,accuracy_group_1,disease_prevalence_group_0,disease_prevalence_group_1,prevalence_group_0,prevalence_group_1,auc_group_0,auc_group_1,tpr_group_0,tpr_group_1,tnr_group_0,tnr_group_1,balanced_acc_group_0,balanced_acc_group_1
age,0.8403193612774451,0.4517766497461929,0.9354037267080745,0.6312056737588653,0.8745644599303136,0.5266272189349113,0.8698116160492911,0.9017980636237898,0.6810035842293907,0.09681881051175657,0.25448028673835127,0.7215568862275449,0.27844311377245506,0.9068256399037409,0.7522345612134345,0.6571428571428571,0.6056338028169014,0.9280245022970903,0.7067307692307693,0.7925836797199737,0.6561822860238353
sex,0.8403193612774451,0.4517766497461929,0.9354037267080745,0.6312056737588653,0.8745644599303136,0.5266272189349113,0.8698116160492911,0.8232044198895028,0.8605664488017429,0.14548802946593,0.13507625272331156,0.5419161676646707,0.45808383233532934,0.8521388040157137,0.8905094661574713,0.6075949367088608,0.6612903225806451,0.8599137931034483,0.8916876574307305,0.7337543649061545,0.7764889900056878
