subgroup,accuracy,PPV,NPV,TPR,TNR,f1,auroc,accuracy_group_0,accuracy_group_1,disease_prevalence_group_0,disease_prevalence_group_1,prevalence_group_0,prevalence_group_1,auc_group_0,auc_group_1,tpr_group_0,tpr_group_1,tnr_group_0,tnr_group_1,balanced_acc_group_0,balanced_acc_group_1
age,0.8612774451097804,0.5073529411764706,0.9168591224018475,0.48936170212765956,0.9221835075493612,0.4981949458483755,0.860668363522541,0.8934993084370678,0.7777777777777778,0.09681881051175657,0.25448028673835127,0.7215568862275449,0.27844311377245506,0.8989936556552176,0.7673347778981582,0.5285714285714286,0.4507042253521127,0.9326186830015314,0.8894230769230769,0.73059505578648,0.6700636511375948
sex,0.8612774451097804,0.5073529411764706,0.9168591224018475,0.48936170212765956,0.9221835075493612,0.4981949458483755,0.860668363522541,0.860036832412523,0.8627450980392157,0.14548802946593,0.13507625272331156,0.5419161676646707,0.45808383233532934,0.8680161501527717,0.8516697814252052,0.5189873417721519,0.45161290322580644,0.9181034482758621,0.9269521410579346,0.718545395024007,0.6892825221418705
