subgroup,accuracy,PPV,NPV,TPR,TNR,f1,auroc,accuracy_group_0,accuracy_group_1,disease_prevalence_group_0,disease_prevalence_group_1,prevalence_group_0,prevalence_group_1,auc_group_0,auc_group_1,tpr_group_0,tpr_group_1,tnr_group_0,tnr_group_1,balanced_acc_group_0,balanced_acc_group_1
age,0.8762475049900199,0.5726495726495726,0.9163841807909604,0.475177304964539,0.9419279907084785,0.5193798449612402,0.8880075122939679,0.9225449515905948,0.7562724014336918,0.09681881051175657,0.25448028673835127,0.7215568862275449,0.27844311377245506,0.9120105009844672,0.793201516793066,0.42857142857142855,0.5211267605633803,0.9754977029096478,0.8365384615384616,0.7020345657405381,0.6788326110509209
sex,0.8762475049900199,0.5726495726495726,0.9163841807909604,0.475177304964539,0.9419279907084785,0.5193798449612402,0.8880075122939679,0.8674033149171271,0.8867102396514162,0.14548802946593,0.13507625272331156,0.5419161676646707,0.45808383233532934,0.8683707987778263,0.9114731453644267,0.5063291139240507,0.43548387096774194,0.9288793103448276,0.9571788413098237,0.7176042121344391,0.6963313561387828
