subgroup,accuracy,PPV,NPV,TPR,TNR,f1,auroc,accuracy_group_0,accuracy_group_1,disease_prevalence_group_0,disease_prevalence_group_1,prevalence_group_0,prevalence_group_1,auc_group_0,auc_group_1,tpr_group_0,tpr_group_1,tnr_group_0,tnr_group_1,balanced_acc_group_0,balanced_acc_group_1
age,0.8772455089820359,0.5918367346938775,0.9081858407079646,0.41134751773049644,0.9535423925667829,0.48535564853556484,0.8669121341669345,0.9142461964038727,0.7813620071684588,0.09681881051175657,0.25448028673835127,0.7215568862275449,0.27844311377245506,0.8844891708597681,0.7930660888407367,0.35714285714285715,0.4647887323943662,0.9739663093415007,0.8894230769230769,0.665554583242179,0.6771059046587216
sex,0.8772455089820359,0.5918367346938775,0.9081858407079646,0.41134751773049644,0.9535423925667829,0.48535564853556484,0.8669121341669345,0.8747697974217311,0.8801742919389978,0.14548802946593,0.13507625272331156,0.5419161676646707,0.45808383233532934,0.866843081623745,0.8664174859835866,0.4430379746835443,0.3709677419354839,0.9482758620689655,0.9596977329974811,0.6956569183762549,0.6653327374664825
