subgroup,accuracy,PPV,NPV,TPR,TNR,f1,auroc,accuracy_group_0,accuracy_group_1,disease_prevalence_group_0,disease_prevalence_group_1,prevalence_group_0,prevalence_group_1,auc_group_0,auc_group_1,tpr_group_0,tpr_group_1,tnr_group_0,tnr_group_1,balanced_acc_group_0,balanced_acc_group_1
age,0.8552894211576846,0.48484848484848486,0.9114942528735632,0.45390070921985815,0.9210220673635308,0.46886446886446886,0.8771509295640068,0.9017980636237898,0.7347670250896058,0.09681881051175657,0.25448028673835127,0.7215568862275449,0.27844311377245506,0.9038284839203675,0.778372156013001,0.4857142857142857,0.4225352112676056,0.9464012251148545,0.8413461538461539,0.7160577554145701,0.6319406825568797
sex,0.8552894211576846,0.48484848484848486,0.9114942528735632,0.45390070921985815,0.9210220673635308,0.46886446886446886,0.8771509295640068,0.8360957642725598,0.8779956427015251,0.14548802946593,0.13507625272331156,0.5419161676646707,0.45808383233532934,0.869107376691401,0.8863248557731372,0.45569620253164556,0.45161290322580644,0.9008620689655172,0.9445843828715366,0.6782791357485813,0.6980986430486715
