subgroup,accuracy,PPV,NPV,TPR,TNR,f1,auroc,accuracy_group_0,accuracy_group_1,disease_prevalence_group_0,disease_prevalence_group_1,prevalence_group_0,prevalence_group_1,auc_group_0,auc_group_1,tpr_group_0,tpr_group_1,tnr_group_0,tnr_group_1,balanced_acc_group_0,balanced_acc_group_1
age,0.8766430738119313,0.6294117647058823,0.927960927960928,0.6445783132530121,0.9234507897934386,0.6369047619047619,0.9089651436853122,0.8945022288261516,0.8386075949367089,0.1025260029717682,0.3069620253164557,0.6804853387259858,0.3195146612740142,0.9025578270467416,0.8913524455114626,0.5217391304347826,0.7319587628865979,0.9370860927152318,0.8858447488584474,0.7294126115750073,0.8089017558725227
sex,0.8766430738119313,0.6294117647058823,0.927960927960928,0.6445783132530121,0.9234507897934386,0.6369047619047619,0.9089651436853122,0.8623326959847036,0.8927038626609443,0.1988527724665392,0.13304721030042918,0.5288169868554095,0.4711830131445905,0.9166972645492932,0.8934046630469499,0.7019230769230769,0.5483870967741935,0.9021479713603818,0.9455445544554455,0.8020355241417294,0.7469658256148195
