subgroup,accuracy,PPV,NPV,TPR,TNR,f1,auroc,accuracy_group_0,accuracy_group_1,disease_prevalence_group_0,disease_prevalence_group_1,prevalence_group_0,prevalence_group_1,auc_group_0,auc_group_1,tpr_group_0,tpr_group_1,tnr_group_0,tnr_group_1,balanced_acc_group_0,balanced_acc_group_1
age,0.9059656218402427,0.7786259541984732,0.9254079254079254,0.6144578313253012,0.9647630619684082,0.6868686868686869,0.9200178600184455,0.9316493313521546,0.8512658227848101,0.1025260029717682,0.3069620253164557,0.6804853387259858,0.3195146612740142,0.9303675976581246,0.8850444852421974,0.5217391304347826,0.6804123711340206,0.9784768211920529,0.9269406392694064,0.7501079758134177,0.8036765052017135
sex,0.9059656218402427,0.7786259541984732,0.9254079254079254,0.6144578313253012,0.9647630619684082,0.6868686868686869,0.9200178600184455,0.8948374760994264,0.9184549356223176,0.1988527724665392,0.13304721030042918,0.5288169868554095,0.4711830131445905,0.9204149072884156,0.9177579048227403,0.625,0.5967741935483871,0.9618138424821002,0.9678217821782178,0.7934069212410502,0.7822979878633025
