subgroup,accuracy,PPV,NPV,TPR,TNR,f1,auroc,accuracy_group_0,accuracy_group_1,disease_prevalence_group_0,disease_prevalence_group_1,prevalence_group_0,prevalence_group_1,auc_group_0,auc_group_1,tpr_group_0,tpr_group_1,tnr_group_0,tnr_group_1,balanced_acc_group_0,balanced_acc_group_1
age,0.8887765419615774,0.75,0.9064994298745724,0.5060240963855421,0.9659781287970839,0.6043165467625898,0.9045733358708223,0.912332838038633,0.8386075949367089,0.1025260029717682,0.3069620253164557,0.6804853387259858,0.3195146612740142,0.9092043382282369,0.8656027868003577,0.3333333333333333,0.6288659793814433,0.9784768211920529,0.9315068493150684,0.6559050772626931,0.7801864143482559
sex,0.8887765419615774,0.75,0.9064994298745724,0.5060240963855421,0.9659781287970839,0.6043165467625898,0.9045733358708223,0.8795411089866156,0.8991416309012875,0.1988527724665392,0.13304721030042918,0.5288169868554095,0.4711830131445905,0.8952634477694144,0.914364420312999,0.5769230769230769,0.3870967741935484,0.954653937947494,0.9777227722772277,0.7657885074352855,0.682409773235388
