subgroup,accuracy,PPV,NPV,TPR,TNR,f1,auroc,accuracy_group_0,accuracy_group_1,disease_prevalence_group_0,disease_prevalence_group_1,prevalence_group_0,prevalence_group_1,auc_group_0,auc_group_1,tpr_group_0,tpr_group_1,tnr_group_0,tnr_group_1,balanced_acc_group_0,balanced_acc_group_1
age,0.8712574850299402,0.55,0.9149659863945578,0.46808510638297873,0.9372822299651568,0.5057471264367817,0.8851409790693652,0.9114799446749654,0.7670250896057348,0.09681881051175657,0.25448028673835127,0.7215568862275449,0.27844311377245506,0.9210238459855611,0.7816224268689057,0.4142857142857143,0.5211267605633803,0.9647779479326187,0.8509615384615384,0.6895318311091665,0.6860441495124594
sex,0.8712574850299402,0.55,0.9149659863945578,0.46808510638297873,0.9372822299651568,0.5057471264367817,0.8851409790693652,0.8674033149171271,0.8758169934640523,0.14548802946593,0.13507625272331156,0.5419161676646707,0.45808383233532934,0.8767732431252728,0.8941252945478183,0.4810126582278481,0.45161290322580644,0.9331896551724138,0.9420654911838791,0.707101156700131,0.6968391972048428
