subgroup,accuracy,PPV,NPV,TPR,TNR,f1,auroc,accuracy_group_0,accuracy_group_1,disease_prevalence_group_0,disease_prevalence_group_1,prevalence_group_0,prevalence_group_1,auc_group_0,auc_group_1,tpr_group_0,tpr_group_1,tnr_group_0,tnr_group_1,balanced_acc_group_0,balanced_acc_group_1
age,0.8382204246713852,0.8,0.8386108273748724,0.04819277108433735,0.9975698663426489,0.09090909090909091,0.8662914110878507,0.8989598811292719,0.7088607594936709,0.1025260029717682,0.3069620253164557,0.6804853387259858,0.3195146612740142,0.8612390824455323,0.8273313562114579,0.014492753623188406,0.07216494845360824,1.0,0.9908675799086758,0.5072463768115942,0.5315162641811421
sex,0.8382204246713852,0.8,0.8386108273748724,0.04819277108433735,0.9975698663426489,0.09090909090909091,0.8662914110878507,0.8107074569789675,0.869098712446352,0.1988527724665392,0.13304721030042918,0.5288169868554095,0.4711830131445905,0.8611162107582155,0.862464068987544,0.0673076923076923,0.016129032258064516,0.9952267303102625,1.0,0.5312672113089775,0.5080645161290323
