subgroup,accuracy,PPV,NPV,TPR,TNR,f1,auroc,accuracy_group_0,accuracy_group_1,disease_prevalence_group_0,disease_prevalence_group_1,prevalence_group_0,prevalence_group_1,auc_group_0,auc_group_1,tpr_group_0,tpr_group_1,tnr_group_0,tnr_group_1,balanced_acc_group_0,balanced_acc_group_1
age,0.8622754491017964,0.6363636363636364,0.8647830474268415,0.04964539007092199,0.9953542392566783,0.09210526315789475,0.8542269009316232,0.9073305670816044,0.7455197132616488,0.09681881051175657,0.25448028673835127,0.7215568862275449,0.27844311377245506,0.8865018595493328,0.7458694474539544,0.05714285714285714,0.04225352112676056,0.998468606431853,0.9855769230769231,0.527805731787355,0.5139152221018418
sex,0.8622754491017964,0.6363636363636364,0.8647830474268415,0.04964539007092199,0.9953542392566783,0.09210526315789475,0.8542269009316232,0.85451197053407,0.8714596949891068,0.14548802946593,0.13507625272331156,0.5419161676646707,0.45808383233532934,0.8353339153208206,0.8743804338994069,0.0379746835443038,0.06451612903225806,0.9935344827586207,0.9974811083123426,0.5157545831514623,0.5309986186723004
