subgroup,accuracy,PPV,NPV,TPR,TNR,f1,auroc,accuracy_group_0,accuracy_group_1,disease_prevalence_group_0,disease_prevalence_group_1,prevalence_group_0,prevalence_group_1,auc_group_0,auc_group_1,tpr_group_0,tpr_group_1,tnr_group_0,tnr_group_1,balanced_acc_group_0,balanced_acc_group_1
age,0.884732052578362,0.7096774193548387,0.9098265895953758,0.5301204819277109,0.9562575941676792,0.6068965517241379,0.9173681359703699,0.9049034175334324,0.8417721518987342,0.1025260029717682,0.3069620253164557,0.6804853387259858,0.3195146612740142,0.9156348977828966,0.8984135950666103,0.37681159420289856,0.6391752577319587,0.9652317880794702,0.9315068493150684,0.6710216911411844,0.7853410535235136
sex,0.884732052578362,0.7096774193548387,0.9098265895953758,0.5301204819277109,0.9562575941676792,0.6068965517241379,0.9173681359703699,0.8776290630975143,0.8927038626609443,0.1988527724665392,0.13304721030042918,0.5288169868554095,0.4711830131445905,0.92796493482651,0.8983551580964548,0.6153846153846154,0.3870967741935484,0.9427207637231504,0.9702970297029703,0.779052689553883,0.6786969019482594
