subgroup,accuracy,PPV,NPV,TPR,TNR,f1,auroc,accuracy_group_0,accuracy_group_1,disease_prevalence_group_0,disease_prevalence_group_1,prevalence_group_0,prevalence_group_1,auc_group_0,auc_group_1,tpr_group_0,tpr_group_1,tnr_group_0,tnr_group_1,balanced_acc_group_0,balanced_acc_group_1
age,0.8692614770459082,0.5342465753424658,0.9264018691588785,0.5531914893617021,0.9210220673635308,0.5435540069686411,0.8865083483661584,0.9128630705394191,0.7562724014336918,0.09681881051175657,0.25448028673835127,0.7215568862275449,0.27844311377245506,0.9043097790417852,0.8024106175514627,0.5,0.6056338028169014,0.9571209800918836,0.8076923076923077,0.7285604900459418,0.7066630552546045
sex,0.8692614770459082,0.5342465753424658,0.9264018691588785,0.5531914893617021,0.9210220673635308,0.5435540069686411,0.8865083483661584,0.8674033149171271,0.8714596949891068,0.14548802946593,0.13507625272331156,0.5419161676646707,0.45808383233532934,0.881083587952859,0.8915251482895913,0.5822784810126582,0.5161290322580645,0.915948275862069,0.9269521410579346,0.7491133784373636,0.7215405866579996
