subgroup,accuracy,PPV,NPV,TPR,TNR,f1,auroc,accuracy_group_0,accuracy_group_1,disease_prevalence_group_0,disease_prevalence_group_1,prevalence_group_0,prevalence_group_1,auc_group_0,auc_group_1,tpr_group_0,tpr_group_1,tnr_group_0,tnr_group_1,balanced_acc_group_0,balanced_acc_group_1
age,0.875249500998004,0.5740740740740741,0.9116331096196868,0.4397163120567376,0.9465737514518002,0.4979919678714859,0.8821591255426232,0.9197786998616874,0.7598566308243727,0.09681881051175657,0.25448028673835127,0.7215568862275449,0.27844311377245506,0.9060161890177204,0.7971966413867823,0.35714285714285715,0.5211267605633803,0.9800918836140888,0.8413461538461539,0.668617370378473,0.6812364572047671
sex,0.875249500998004,0.5740740740740741,0.9116331096196868,0.4397163120567376,0.9465737514518002,0.4979919678714859,0.8821591255426232,0.856353591160221,0.8976034858387799,0.14548802946593,0.13507625272331156,0.5419161676646707,0.45808383233532934,0.8638967699694456,0.9015600877549361,0.45569620253164556,0.41935483870967744,0.9245689655172413,0.9722921914357683,0.6901325840244434,0.6958235150727229
