subgroup,accuracy,PPV,NPV,TPR,TNR,f1,auroc,accuracy_group_0,accuracy_group_1,disease_prevalence_group_0,disease_prevalence_group_1,prevalence_group_0,prevalence_group_1,auc_group_0,auc_group_1,tpr_group_0,tpr_group_1,tnr_group_0,tnr_group_1,balanced_acc_group_0,balanced_acc_group_1
age,0.8877654196157735,0.7777777777777778,0.9,0.463855421686747,0.9732685297691372,0.5811320754716981,0.9131007627106238,0.9153046062407132,0.8291139240506329,0.1025260029717682,0.3069620253164557,0.6804853387259858,0.3195146612740142,0.8921921489586333,0.9050510756484489,0.2608695652173913,0.6082474226804123,0.9900662251655629,0.9269406392694064,0.625467895191477,0.7675940309749094
sex,0.8877654196157735,0.7777777777777778,0.9,0.463855421686747,0.9732685297691372,0.5811320754716981,0.9131007627106238,0.8795411089866156,0.8969957081545065,0.1988527724665392,0.13304721030042918,0.5288169868554095,0.4711830131445905,0.926496236460437,0.887336314276589,0.5288461538461539,0.3548387096774194,0.9665871121718377,0.9801980198019802,0.7477166330089957,0.6675183647396998
