subgroup,accuracy,PPV,NPV,TPR,TNR,f1,auroc,accuracy_group_0,accuracy_group_1,disease_prevalence_group_0,disease_prevalence_group_1,prevalence_group_0,prevalence_group_1,auc_group_0,auc_group_1,tpr_group_0,tpr_group_1,tnr_group_0,tnr_group_1,balanced_acc_group_0,balanced_acc_group_1
age,0.8796764408493428,0.6643356643356644,0.9160756501182034,0.572289156626506,0.9416767922235723,0.6148867313915858,0.9091334963182011,0.9078751857355126,0.819620253164557,0.1025260029717682,0.3069620253164557,0.6804853387259858,0.3195146612740142,0.8967991169977925,0.8954479122534482,0.43478260869565216,0.6701030927835051,0.9619205298013245,0.8858447488584474,0.6983515692484883,0.7779739208209763
sex,0.8796764408493428,0.6643356643356644,0.9160756501182034,0.572289156626506,0.9416767922235723,0.6148867313915858,0.9091334963182011,0.8565965583173997,0.9055793991416309,0.1988527724665392,0.13304721030042918,0.5288169868554095,0.4711830131445905,0.9127960345144116,0.89911370169275,0.6057692307692307,0.5161290322580645,0.918854415274463,0.9653465346534653,0.7623118230218469,0.7407377834557649
