subgroup,accuracy,PPV,NPV,TPR,TNR,f1,auroc,accuracy_group_0,accuracy_group_1,disease_prevalence_group_0,disease_prevalence_group_1,prevalence_group_0,prevalence_group_1,auc_group_0,auc_group_1,tpr_group_0,tpr_group_1,tnr_group_0,tnr_group_1,balanced_acc_group_0,balanced_acc_group_1
age,0.8766430738119313,0.6964285714285714,0.8996579247434435,0.46987951807228917,0.9586877278250304,0.5611510791366906,0.9011404060958292,0.8974739970282318,0.8322784810126582,0.1025260029717682,0.3069620253164557,0.6804853387259858,0.3195146612740142,0.9087964295997696,0.8641905568893282,0.2463768115942029,0.6288659793814433,0.9718543046357616,0.9223744292237442,0.6091155581149823,0.7756202043025937
sex,0.8766430738119313,0.6964285714285714,0.8996579247434435,0.46987951807228917,0.9586877278250304,0.5611510791366906,0.9011404060958292,0.8623326959847036,0.8927038626609443,0.1988527724665392,0.13304721030042918,0.5288169868554095,0.4711830131445905,0.8987975032127776,0.9001117853720856,0.5384615384615384,0.3548387096774194,0.9427207637231504,0.9752475247524752,0.7405911510923444,0.6650431172149474
