subgroup,accuracy,PPV,NPV,TPR,TNR,f1,auroc,accuracy_group_0,accuracy_group_1,disease_prevalence_group_0,disease_prevalence_group_1,prevalence_group_0,prevalence_group_1,auc_group_0,auc_group_1,tpr_group_0,tpr_group_1,tnr_group_0,tnr_group_1,balanced_acc_group_0,balanced_acc_group_1
age,0.8786653185035389,0.6982758620689655,0.9026345933562429,0.4879518072289157,0.9574726609963548,0.5744680851063829,0.9066374855436325,0.9093610698365527,0.8132911392405063,0.1025260029717682,0.3069620253164557,0.6804853387259858,0.3195146612740142,0.9125155965063826,0.8712987807748436,0.4057971014492754,0.5463917525773195,0.9668874172185431,0.9315068493150684,0.6863422593339092,0.738949300946194
sex,0.8786653185035389,0.6982758620689655,0.9026345933562429,0.4879518072289157,0.9574726609963548,0.5744680851063829,0.9066374855436325,0.8718929254302104,0.8862660944206009,0.1988527724665392,0.13304721030042918,0.5288169868554095,0.4711830131445905,0.9092849274830181,0.8967183008623443,0.5192307692307693,0.43548387096774194,0.9594272076372315,0.9554455445544554,0.7393289884340004,0.6954647077610987
