subgroup,accuracy,PPV,NPV,TPR,TNR,f1,auroc,accuracy_group_0,accuracy_group_1,disease_prevalence_group_0,disease_prevalence_group_1,prevalence_group_0,prevalence_group_1,auc_group_0,auc_group_1,tpr_group_0,tpr_group_1,tnr_group_0,tnr_group_1,balanced_acc_group_0,balanced_acc_group_1
age,0.8712574850299402,0.546875,0.9187643020594966,0.49645390070921985,0.9326364692218351,0.520446096654275,0.8728758412204182,0.91701244813278,0.7526881720430108,0.09681881051175657,0.25448028673835127,0.7215568862275449,0.27844311377245506,0.9110697877926056,0.7635427952329361,0.5142857142857142,0.4788732394366197,0.9601837672281777,0.8461538461538461,0.737234740756946,0.6625135427952329
sex,0.8712574850299402,0.546875,0.9187643020594966,0.49645390070921985,0.9326364692218351,0.520446096654275,0.8728758412204182,0.852670349907919,0.8932461873638344,0.14548802946593,0.13507625272331156,0.5419161676646707,0.45808383233532934,0.8591499345264078,0.8885187291785164,0.4810126582278481,0.5161290322580645,0.915948275862069,0.9521410579345088,0.6984804670449585,0.7341350450962867
