subgroup,accuracy,PPV,NPV,TPR,TNR,f1,auroc,accuracy_group_0,accuracy_group_1,disease_prevalence_group_0,disease_prevalence_group_1,prevalence_group_0,prevalence_group_1,auc_group_0,auc_group_1,tpr_group_0,tpr_group_1,tnr_group_0,tnr_group_1,balanced_acc_group_0,balanced_acc_group_1
age,0.8632734530938124,0.5178571428571429,0.9067415730337078,0.41134751773049644,0.9372822299651568,0.45849802371541504,0.8724227971763001,0.9100968188105117,0.7419354838709677,0.09681881051175657,0.25448028673835127,0.7215568862275449,0.27844311377245506,0.9108291402318969,0.7573131094257854,0.37142857142857144,0.4507042253521127,0.9678407350689127,0.8413461538461539,0.669634653248742,0.6460251895991332
sex,0.8632734530938124,0.5178571428571429,0.9067415730337078,0.41134751773049644,0.9372822299651568,0.45849802371541504,0.8724227971763001,0.852670349907919,0.8758169934640523,0.14548802946593,0.13507625272331156,0.5419161676646707,0.45808383233532934,0.8586588825840245,0.8877061834728204,0.4177215189873418,0.4032258064516129,0.9267241379310345,0.9496221662468514,0.6722228284591881,0.6764239863492321
