subgroup,accuracy,PPV,NPV,TPR,TNR,f1,auroc,accuracy_group_0,accuracy_group_1,disease_prevalence_group_0,disease_prevalence_group_1,prevalence_group_0,prevalence_group_1,auc_group_0,auc_group_1,tpr_group_0,tpr_group_1,tnr_group_0,tnr_group_1,balanced_acc_group_0,balanced_acc_group_1
age,0.8552894211576846,0.48333333333333334,0.9058956916099773,0.41134751773049644,0.9279907084785134,0.4444444444444444,0.8746962545613297,0.8962655601659751,0.7491039426523297,0.09681881051175657,0.25448028673835127,0.7215568862275449,0.27844311377245506,0.8954714504484795,0.7973320693391116,0.37142857142857144,0.4507042253521127,0.9525267993874426,0.8509615384615384,0.661977685408007,0.6508328819068255
sex,0.8552894211576846,0.48333333333333334,0.9058956916099773,0.41134751773049644,0.9279907084785134,0.4444444444444444,0.8746962545613297,0.8471454880294659,0.8649237472766884,0.14548802946593,0.13507625272331156,0.5419161676646707,0.45808383233532934,0.8598865124399826,0.8918501665718697,0.43037974683544306,0.3870967741935484,0.9181034482758621,0.9395465994962217,0.6742415975556526,0.663321686844885
