subgroup,accuracy,PPV,NPV,TPR,TNR,f1,auroc,accuracy_group_0,accuracy_group_1,disease_prevalence_group_0,disease_prevalence_group_1,prevalence_group_0,prevalence_group_1,auc_group_0,auc_group_1,tpr_group_0,tpr_group_1,tnr_group_0,tnr_group_1,balanced_acc_group_0,balanced_acc_group_1
age,0.884732052578362,0.6354166666666666,0.944792973651192,0.7349397590361446,0.9149453219927096,0.6815642458100558,0.9233409945980764,0.9019316493313522,0.8481012658227848,0.1025260029717682,0.3069620253164557,0.6804853387259858,0.3195146612740142,0.9193060754391016,0.9051452243091842,0.6376811594202898,0.8041237113402062,0.9321192052980133,0.867579908675799,0.7849001823591515,0.8358518100080026
sex,0.884732052578362,0.6354166666666666,0.944792973651192,0.7349397590361446,0.9149453219927096,0.6815642458100558,0.9233409945980764,0.8852772466539197,0.8841201716738197,0.1988527724665392,0.13304721030042918,0.5288169868554095,0.4711830131445905,0.9258077841013402,0.9195145320983711,0.7692307692307693,0.6774193548387096,0.9140811455847255,0.9158415841584159,0.8416559574077473,0.7966304694985628
