subgroup,accuracy,PPV,NPV,TPR,TNR,f1,auroc,accuracy_group_0,accuracy_group_1,disease_prevalence_group_0,disease_prevalence_group_1,prevalence_group_0,prevalence_group_1,auc_group_0,auc_group_1,tpr_group_0,tpr_group_1,tnr_group_0,tnr_group_1,balanced_acc_group_0,balanced_acc_group_1
age,0.8802395209580839,0.6,0.9130434782608695,0.44680851063829785,0.9512195121951219,0.5121951219512195,0.887126135699047,0.9114799446749654,0.7992831541218638,0.09681881051175657,0.25448028673835127,0.7215568862275449,0.27844311377245506,0.906453730037191,0.8202193932827736,0.4,0.49295774647887325,0.9663093415007658,0.9038461538461539,0.6831546707503828,0.6984019501625136
sex,0.8802395209580839,0.6,0.9130434782608695,0.44680851063829785,0.9512195121951219,0.5121951219512195,0.887126135699047,0.8729281767955801,0.8888888888888888,0.14548802946593,0.13507625272331156,0.5419161676646707,0.45808383233532934,0.8817656045395024,0.8922970667100023,0.46835443037974683,0.41935483870967744,0.9418103448275862,0.9622166246851386,0.7050823876036665,0.690785731697408
