subgroup,accuracy,PPV,NPV,TPR,TNR,f1,auroc,accuracy_group_0,accuracy_group_1,disease_prevalence_group_0,disease_prevalence_group_1,prevalence_group_0,prevalence_group_1,auc_group_0,auc_group_1,tpr_group_0,tpr_group_1,tnr_group_0,tnr_group_1,balanced_acc_group_0,balanced_acc_group_1
age,0.8652694610778443,0.5202702702702703,0.9250585480093677,0.5460992907801419,0.9175377468060395,0.532871972318339,0.8798115336776468,0.9114799446749654,0.7455197132616488,0.09681881051175657,0.25448028673835127,0.7215568862275449,0.27844311377245506,0.9033034346970028,0.791305525460455,0.5142857142857142,0.5774647887323944,0.9540581929555896,0.8028846153846154,0.7341719536206519,0.690174702058505
sex,0.8652694610778443,0.5202702702702703,0.9250585480093677,0.5460992907801419,0.9175377468060395,0.532871972318339,0.8798115336776468,0.8397790055248618,0.8954248366013072,0.14548802946593,0.13507625272331156,0.5419161676646707,0.45808383233532934,0.86386948930598,0.8983505322174372,0.5189873417721519,0.5806451612903226,0.8943965517241379,0.9445843828715366,0.706691946748145,0.7626147720809295
