subgroup,accuracy,PPV,NPV,TPR,TNR,f1,auroc,accuracy_group_0,accuracy_group_1,disease_prevalence_group_0,disease_prevalence_group_1,prevalence_group_0,prevalence_group_1,auc_group_0,auc_group_1,tpr_group_0,tpr_group_1,tnr_group_0,tnr_group_1,balanced_acc_group_0,balanced_acc_group_1
age,0.8867542972699697,0.7014925373134329,0.9157894736842105,0.5662650602409639,0.951397326852977,0.6266666666666667,0.91405232107043,0.9227340267459139,0.810126582278481,0.1025260029717682,0.3069620253164557,0.6804853387259858,0.3195146612740142,0.914939053651982,0.8786894506425645,0.463768115942029,0.6391752577319587,0.9751655629139073,0.8858447488584474,0.7194668394279682,0.762510003295203
sex,0.8867542972699697,0.7014925373134329,0.9157894736842105,0.5662650602409639,0.951397326852977,0.6266666666666667,0.91405232107043,0.8680688336520076,0.907725321888412,0.1988527724665392,0.13304721030042918,0.5288169868554095,0.4711830131445905,0.9121993758031944,0.9124081763015012,0.6346153846153846,0.45161290322580644,0.9260143198090692,0.9777227722772277,0.780314852212227,0.7146678377515171
