subgroup,accuracy,PPV,NPV,TPR,TNR,f1,auroc,accuracy_group_0,accuracy_group_1,disease_prevalence_group_0,disease_prevalence_group_1,prevalence_group_0,prevalence_group_1,auc_group_0,auc_group_1,tpr_group_0,tpr_group_1,tnr_group_0,tnr_group_1,balanced_acc_group_0,balanced_acc_group_1
age,0.8822355289421158,0.5782312925170068,0.9345029239766082,0.6028368794326241,0.9279907084785134,0.5902777777777778,0.8950997108755283,0.9142461964038727,0.7992831541218638,0.09681881051175657,0.25448028673835127,0.7215568862275449,0.27844311377245506,0.9306278713629402,0.8133802816901409,0.6285714285714286,0.5774647887323944,0.9448698315467075,0.875,0.786720630059068,0.7262323943661972
sex,0.8822355289421158,0.5782312925170068,0.9345029239766082,0.6028368794326241,0.9279907084785134,0.5902777777777778,0.8950997108755283,0.8784530386740331,0.8867102396514162,0.14548802946593,0.13507625272331156,0.5419161676646707,0.45808383233532934,0.8987887385421214,0.8916876574307305,0.6582278481012658,0.532258064516129,0.915948275862069,0.9420654911838791,0.7870880619816674,0.737161777850004
