subgroup,accuracy,PPV,NPV,TPR,TNR,f1,auroc,accuracy_group_0,accuracy_group_1,disease_prevalence_group_0,disease_prevalence_group_1,prevalence_group_0,prevalence_group_1,auc_group_0,auc_group_1,tpr_group_0,tpr_group_1,tnr_group_0,tnr_group_1,balanced_acc_group_0,balanced_acc_group_1
age,0.8988877654196158,0.775,0.9159953970080552,0.5602409638554217,0.9671931956257594,0.6503496503496503,0.9168996764701577,0.9301634472511144,0.8322784810126582,0.1025260029717682,0.3069620253164557,0.6804853387259858,0.3195146612740142,0.9234811402245897,0.8794426399284471,0.4782608695652174,0.6185567010309279,0.9817880794701986,0.9269406392694064,0.730024474517708,0.7727486701501671
sex,0.8988877654196158,0.775,0.9159953970080552,0.5602409638554217,0.9671931956257594,0.6503496503496503,0.9168996764701577,0.8910133843212237,0.907725321888412,0.1988527724665392,0.13304721030042918,0.5288169868554095,0.4711830131445905,0.9302138791995593,0.8920073458958799,0.625,0.45161290322580644,0.9570405727923628,0.9777227722772277,0.7910202863961814,0.7146678377515171
