subgroup,accuracy,PPV,NPV,TPR,TNR,f1,auroc,accuracy_group_0,accuracy_group_1,disease_prevalence_group_0,disease_prevalence_group_1,prevalence_group_0,prevalence_group_1,auc_group_0,auc_group_1,tpr_group_0,tpr_group_1,tnr_group_0,tnr_group_1,balanced_acc_group_0,balanced_acc_group_1
age,0.890798786653185,0.7338709677419355,0.9132947976878613,0.5481927710843374,0.959902794653706,0.6275862068965516,0.9221918048866181,0.9197622585438335,0.8291139240506329,0.1025260029717682,0.3069620253164557,0.6804853387259858,0.3195146612740142,0.9291918610231308,0.886456715153227,0.37681159420289856,0.6701030927835051,0.9817880794701986,0.8995433789954338,0.6792998368365486,0.7848232358894695
sex,0.890798786653185,0.7338709677419355,0.9132947976878613,0.5481927710843374,0.959902794653706,0.6275862068965516,0.9221918048866181,0.869980879541109,0.9141630901287554,0.1988527724665392,0.13304721030042918,0.5288169868554095,0.4711830131445905,0.9179823756196072,0.9236266368572341,0.5769230769230769,0.5,0.9427207637231504,0.9777227722772277,0.7598219203231136,0.7388613861386139
