subgroup,accuracy,PPV,NPV,TPR,TNR,f1,auroc,accuracy_group_0,accuracy_group_1,disease_prevalence_group_0,disease_prevalence_group_1,prevalence_group_0,prevalence_group_1,auc_group_0,auc_group_1,tpr_group_0,tpr_group_1,tnr_group_0,tnr_group_1,balanced_acc_group_0,balanced_acc_group_1
age,0.8887765419615774,0.6971830985915493,0.9208972845336482,0.5963855421686747,0.9477521263669502,0.6428571428571428,0.9170314307045924,0.9093610698365527,0.8449367088607594,0.1025260029717682,0.3069620253164557,0.6804853387259858,0.3195146612740142,0.9149630482771859,0.8946476486371983,0.4782608695652174,0.6804123711340206,0.9586092715231788,0.9178082191780822,0.7184350705441981,0.7991102951560514
sex,0.8887765419615774,0.6971830985915493,0.9208972845336482,0.5963855421686747,0.9477521263669502,0.6428571428571428,0.9170314307045924,0.8833652007648184,0.8948497854077253,0.1988527724665392,0.13304721030042918,0.5288169868554095,0.4711830131445905,0.9232605103726823,0.9039045033535611,0.6634615384615384,0.4838709677419355,0.9379474940334129,0.9579207920792079,0.8007045162474757,0.7208958799105717
