subgroup,accuracy,PPV,NPV,TPR,TNR,f1,auroc,accuracy_group_0,accuracy_group_1,disease_prevalence_group_0,disease_prevalence_group_1,prevalence_group_0,prevalence_group_1,auc_group_0,auc_group_1,tpr_group_0,tpr_group_1,tnr_group_0,tnr_group_1,balanced_acc_group_0,balanced_acc_group_1
age,0.8702594810379242,0.5413533834586466,0.9205983889528193,0.5106382978723404,0.9291521486643438,0.5255474452554745,0.890173886541297,0.9087136929460581,0.7706093189964157,0.09681881051175657,0.25448028673835127,0.7215568862275449,0.27844311377245506,0.9219426821264494,0.7912378114842904,0.5,0.5211267605633803,0.9525267993874426,0.8557692307692307,0.7262633996937213,0.6884479956663054
sex,0.8702594810379242,0.5413533834586466,0.9205983889528193,0.5106382978723404,0.9291521486643438,0.5255474452554745,0.890173886541297,0.8637200736648251,0.8779956427015251,0.14548802946593,0.13507625272331156,0.5419161676646707,0.45808383233532934,0.8701713225665648,0.9133826277728122,0.5063291139240507,0.5161290322580645,0.9245689655172413,0.9345088161209067,0.715449039720646,0.7253189241894856
