subgroup,accuracy,PPV,NPV,TPR,TNR,f1,auroc,accuracy_group_0,accuracy_group_1,disease_prevalence_group_0,disease_prevalence_group_1,prevalence_group_0,prevalence_group_1,auc_group_0,auc_group_1,tpr_group_0,tpr_group_1,tnr_group_0,tnr_group_1,balanced_acc_group_0,balanced_acc_group_1
age,0.8602794411177644,0.5030674846625767,0.929678188319428,0.5815602836879432,0.9059233449477352,0.5394736842105263,0.8758741690760372,0.9059474412171508,0.7419354838709677,0.09681881051175657,0.25448028673835127,0.7215568862275449,0.27844311377245506,0.9100634434478232,0.7721424702058506,0.6142857142857143,0.5492957746478874,0.9372128637059725,0.8076923076923077,0.7757492889958434,0.6784940411700975
sex,0.8602794411177644,0.5030674846625767,0.929678188319428,0.5815602836879432,0.9059233449477352,0.5394736842105263,0.8758741690760372,0.8471454880294659,0.8758169934640523,0.14548802946593,0.13507625272331156,0.5419161676646707,0.45808383233532934,0.8695711479703188,0.8838465913707646,0.5949367088607594,0.5645161290322581,0.8900862068965517,0.924433249370277,0.7425114578786556,0.7444746892012676
