subgroup,accuracy,PPV,NPV,TPR,TNR,f1,auroc,accuracy_group_0,accuracy_group_1,disease_prevalence_group_0,disease_prevalence_group_1,prevalence_group_0,prevalence_group_1,auc_group_0,auc_group_1,tpr_group_0,tpr_group_1,tnr_group_0,tnr_group_1,balanced_acc_group_0,balanced_acc_group_1
age,0.872255489021956,0.5942028985507246,0.8928188638799571,0.2907801418439716,0.967479674796748,0.3904761904761904,0.8718214841722887,0.9128630705394191,0.7670250896057348,0.09681881051175657,0.25448028673835127,0.7215568862275449,0.27844311377245506,0.8917523517829797,0.783044420368364,0.24285714285714285,0.3380281690140845,0.9846860643185299,0.9134615384615384,0.6137716035878363,0.6257448537378114
sex,0.872255489021956,0.5942028985507246,0.8928188638799571,0.2907801418439716,0.967479674796748,0.3904761904761904,0.8718214841722887,0.8637200736648251,0.8823529411764706,0.14548802946593,0.13507625272331156,0.5419161676646707,0.45808383233532934,0.861277826276735,0.8872186560494028,0.34177215189873417,0.22580645161290322,0.9525862068965517,0.9848866498740554,0.6471791793976429,0.6053465507434793
