subgroup,accuracy,PPV,NPV,TPR,TNR,f1,auroc,accuracy_group_0,accuracy_group_1,disease_prevalence_group_0,disease_prevalence_group_1,prevalence_group_0,prevalence_group_1,auc_group_0,auc_group_1,tpr_group_0,tpr_group_1,tnr_group_0,tnr_group_1,balanced_acc_group_0,balanced_acc_group_1
age,0.8725985844287159,0.7941176470588235,0.8783930510314875,0.3253012048192771,0.982989064398542,0.4615384615384615,0.894757645405437,0.912332838038633,0.7879746835443038,0.1025260029717682,0.3069620253164557,0.6804853387259858,0.3195146612740142,0.9068048757078414,0.8433366285364591,0.18840579710144928,0.422680412371134,0.9950331125827815,0.9497716894977168,0.5917194548421154,0.6862260509344255
sex,0.8725985844287159,0.7941176470588235,0.8783930510314875,0.3253012048192771,0.982989064398542,0.4615384615384615,0.894757645405437,0.8565965583173997,0.8905579399141631,0.1988527724665392,0.13304721030042918,0.5288169868554095,0.4711830131445905,0.9134615384615384,0.8614260619610348,0.36538461538461536,0.25806451612903225,0.9785202863961814,0.9876237623762376,0.6719524508903983,0.6228441392526349
