subgroup,accuracy,PPV,NPV,TPR,TNR,f1,auroc,accuracy_group_0,accuracy_group_1,disease_prevalence_group_0,disease_prevalence_group_1,prevalence_group_0,prevalence_group_1,auc_group_0,auc_group_1,tpr_group_0,tpr_group_1,tnr_group_0,tnr_group_1,balanced_acc_group_0,balanced_acc_group_1
age,0.8363273453093812,0.4311377245508982,0.9173652694610779,0.5106382978723404,0.8896631823461092,0.4675324675324676,0.8536338250920504,0.8948824343015215,0.6845878136200717,0.09681881051175657,0.25448028673835127,0.7215568862275449,0.27844311377245506,0.8895646466856268,0.7407231852654388,0.42857142857142855,0.5915492957746479,0.9448698315467075,0.7163461538461539,0.686720630059068,0.6539477248104009
sex,0.8363273453093812,0.4311377245508982,0.9173652694610779,0.5106382978723404,0.8896631823461092,0.4675324675324676,0.8536338250920504,0.8268876611418048,0.8474945533769063,0.14548802946593,0.13507625272331156,0.5419161676646707,0.45808383233532934,0.8517841553906591,0.8547168278215649,0.5822784810126582,0.41935483870967744,0.8685344827586207,0.9143576826196473,0.7254064818856394,0.6668562606646624
