subgroup,accuracy,PPV,NPV,TPR,TNR,f1,auroc,accuracy_group_0,accuracy_group_1,disease_prevalence_group_0,disease_prevalence_group_1,prevalence_group_0,prevalence_group_1,auc_group_0,auc_group_1,tpr_group_0,tpr_group_1,tnr_group_0,tnr_group_1,balanced_acc_group_0,balanced_acc_group_1
age,0.8513650151668352,0.5590062111801242,0.9082125603864735,0.5421686746987951,0.913730255164034,0.5504587155963302,0.8603624705382892,0.87518573551263,0.8006329113924051,0.1025260029717682,0.3069620253164557,0.6804853387259858,0.3195146612740142,0.840387753143296,0.8398531280892529,0.30434782608695654,0.711340206185567,0.9403973509933775,0.8401826484018264,0.622372588540167,0.7757614272936968
sex,0.8513650151668352,0.5590062111801242,0.9082125603864735,0.5421686746987951,0.913730255164034,0.5504587155963302,0.8603624705382892,0.8183556405353728,0.8884120171673819,0.1988527724665392,0.13304721030042918,0.5288169868554095,0.4711830131445905,0.8536579768680007,0.8577531140210795,0.5961538461538461,0.45161290322580644,0.8735083532219571,0.9554455445544554,0.7348310996879016,0.703529223890131
