subgroup,accuracy,PPV,NPV,TPR,TNR,f1,auroc,accuracy_group_0,accuracy_group_1,disease_prevalence_group_0,disease_prevalence_group_1,prevalence_group_0,prevalence_group_1,auc_group_0,auc_group_1,tpr_group_0,tpr_group_1,tnr_group_0,tnr_group_1,balanced_acc_group_0,balanced_acc_group_1
age,0.8543983822042467,0.5763888888888888,0.901775147928994,0.5,0.9258809234507898,0.5354838709677419,0.8793643590156495,0.888558692421991,0.7816455696202531,0.1025260029717682,0.3069620253164557,0.6804853387259858,0.3195146612740142,0.8805547557347154,0.840653391705503,0.34782608695652173,0.6082474226804123,0.9503311258278145,0.8584474885844748,0.6490786063921681,0.7333474556324435
sex,0.8543983822042467,0.5763888888888888,0.901775147928994,0.5,0.9258809234507898,0.5354838709677419,0.8793643590156495,0.8279158699808795,0.8841201716738197,0.1988527724665392,0.13304721030042918,0.5288169868554095,0.4711830131445905,0.8703873691940518,0.8870169274992015,0.5865384615384616,0.3548387096774194,0.8878281622911695,0.9653465346534653,0.7371833119148155,0.6600926221654424
