subgroup,accuracy,PPV,NPV,TPR,TNR,f1,auroc,accuracy_group_0,accuracy_group_1,disease_prevalence_group_0,disease_prevalence_group_1,prevalence_group_0,prevalence_group_1,auc_group_0,auc_group_1,tpr_group_0,tpr_group_1,tnr_group_0,tnr_group_1,balanced_acc_group_0,balanced_acc_group_1
age,0.846307385229541,0.45454545454545453,0.9115250291036089,0.46099290780141844,0.9094076655052264,0.45774647887323944,0.8492104677885685,0.8893499308437067,0.7347670250896058,0.09681881051175657,0.25448028673835127,0.7215568862275449,0.27844311377245506,0.8838547363815358,0.7422128927410617,0.37142857142857144,0.5492957746478874,0.9448698315467075,0.7980769230769231,0.6581492014876394,0.6736863488624052
sex,0.846307385229541,0.45454545454545453,0.9115250291036089,0.46099290780141844,0.9094076655052264,0.45774647887323944,0.8492104677885685,0.8250460405156538,0.8714596949891068,0.14548802946593,0.13507625272331156,0.5419161676646707,0.45808383233532934,0.8478557398515931,0.8470788981880231,0.4936708860759494,0.41935483870967744,0.8814655172413793,0.9420654911838791,0.6875682016586644,0.6807101649467783
