subgroup,accuracy,PPV,NPV,TPR,TNR,f1,auroc,accuracy_group_0,accuracy_group_1,disease_prevalence_group_0,disease_prevalence_group_1,prevalence_group_0,prevalence_group_1,auc_group_0,auc_group_1,tpr_group_0,tpr_group_1,tnr_group_0,tnr_group_1,balanced_acc_group_0,balanced_acc_group_1
age,0.8692614770459082,0.5714285714285714,0.8916309012875536,0.28368794326241137,0.9651567944250871,0.37914691943127965,0.8397212543554007,0.9045643153526971,0.7777777777777778,0.09681881051175657,0.25448028673835127,0.7215568862275449,0.27844311377245506,0.8672063005906804,0.7510834236186349,0.24285714285714285,0.323943661971831,0.9754977029096478,0.9326923076923077,0.6091774228833953,0.6283179848320694
sex,0.8692614770459082,0.5714285714285714,0.8916309012875536,0.28368794326241137,0.9651567944250871,0.37914691943127965,0.8397212543554007,0.85451197053407,0.8867102396514162,0.14548802946593,0.13507625272331156,0.5419161676646707,0.45808383233532934,0.834160846791794,0.8456569432030552,0.2911392405063291,0.27419354838709675,0.9504310344827587,0.982367758186398,0.6207851374945439,0.6282806532867473
