subgroup,accuracy,PPV,NPV,TPR,TNR,f1,auroc,accuracy_group_0,accuracy_group_1,disease_prevalence_group_0,disease_prevalence_group_1,prevalence_group_0,prevalence_group_1,auc_group_0,auc_group_1,tpr_group_0,tpr_group_1,tnr_group_0,tnr_group_1,balanced_acc_group_0,balanced_acc_group_1
age,0.8665318503538928,0.7361111111111112,0.8767720828789531,0.3192771084337349,0.976913730255164,0.44537815126050423,0.8750896660762125,0.9034175334323923,0.7879746835443038,0.1025260029717682,0.3069620253164557,0.6804853387259858,0.3195146612740142,0.8666618677416259,0.8459257167066798,0.21739130434782608,0.3917525773195876,0.9817880794701986,0.9634703196347032,0.5995896919090123,0.6776114484771454
sex,0.8665318503538928,0.7361111111111112,0.8767720828789531,0.3192771084337349,0.976913730255164,0.44537815126050423,0.8750896660762125,0.8546845124282982,0.8798283261802575,0.1988527724665392,0.13304721030042918,0.5288169868554095,0.4711830131445905,0.8773866348448687,0.8655780900670712,0.3942307692307692,0.1935483870967742,0.9689737470167065,0.9851485148514851,0.6816022581237379,0.5893484509741297
