pca_mode,label similarity,sex similarity,age similarity,race similarity
PCA Mode 1,0.5423768022093356,0.03349089751517936,0.21631231235040874,0.02912111241541331
PCA Mode 2,0.12883854210165094,0.08320140918748281,0.08172144307586547,0.03808390971246563
PCA Mode 3,0.30111324307268245,0.03913127199741836,0.19692729772799614,0.043624250490087946
PCA Mode 4,0.29595861252163613,0.2654601215167187,0.13037413576447335,0.20278762444978313
