subgroup,accuracy,PPV,NPV,TPR,TNR,f1,auroc,accuracy_group_0,accuracy_group_1,disease_prevalence_group_0,disease_prevalence_group_1,prevalence_group_0,prevalence_group_1,auc_group_0,auc_group_1,tpr_group_0,tpr_group_1,tnr_group_0,tnr_group_1,balanced_acc_group_0,balanced_acc_group_1
age,0.8776541961577351,0.8169014084507042,0.8823529411764706,0.3493975903614458,0.9842041312272175,0.4894514767932489,0.9019309315024374,0.9212481426448736,0.7848101265822784,0.1025260029717682,0.3069620253164557,0.6804853387259858,0.3195146612740142,0.9151070160284096,0.8458315680459445,0.2753623188405797,0.4020618556701031,0.9950331125827815,0.954337899543379,0.6351977157116806,0.678199877606741
sex,0.8776541961577351,0.8169014084507042,0.8823529411764706,0.3493975903614458,0.9842041312272175,0.4894514767932489,0.9019309315024374,0.8546845124282982,0.9034334763948498,0.1988527724665392,0.13304721030042918,0.5288169868554095,0.4711830131445905,0.8956076739489628,0.9018684126477163,0.375,0.3064516129032258,0.9737470167064439,0.995049504950495,0.674373508353222,0.6507505589268604
