subgroup,accuracy,PPV,NPV,TPR,TNR,f1,auroc,accuracy_group_0,accuracy_group_1,disease_prevalence_group_0,disease_prevalence_group_1,prevalence_group_0,prevalence_group_1,auc_group_0,auc_group_1,tpr_group_0,tpr_group_1,tnr_group_0,tnr_group_1,balanced_acc_group_0,balanced_acc_group_1
age,0.873253493013972,0.5972222222222222,0.8946236559139785,0.3049645390070922,0.9663182346109176,0.40375586854460094,0.8657424568166655,0.9114799446749654,0.7741935483870968,0.09681881051175657,0.25448028673835127,0.7215568862275449,0.27844311377245506,0.8943338437978561,0.7570422535211268,0.2571428571428571,0.352112676056338,0.9816232771822359,0.9182692307692307,0.6193830671625464,0.6351909534127844
sex,0.873253493013972,0.5972222222222222,0.8946236559139785,0.3049645390070922,0.9663182346109176,0.40375586854460094,0.8657424568166655,0.8637200736648251,0.8845315904139434,0.14548802946593,0.13507625272331156,0.5419161676646707,0.45808383233532934,0.8500654735923177,0.8850654099293085,0.3291139240506329,0.27419354838709675,0.9547413793103449,0.9798488664987406,0.6419276516804888,0.6270212074429187
