subgroup,accuracy,PPV,NPV,TPR,TNR,f1,auroc,accuracy_group_0,accuracy_group_1,disease_prevalence_group_0,disease_prevalence_group_1,prevalence_group_0,prevalence_group_1,auc_group_0,auc_group_1,tpr_group_0,tpr_group_1,tnr_group_0,tnr_group_1,balanced_acc_group_0,balanced_acc_group_1
age,0.8622754491017964,0.5164835164835165,0.8968166849615807,0.3333333333333333,0.9488966318234611,0.4051724137931034,0.8445235212230542,0.9045643153526971,0.7526881720430108,0.09681881051175657,0.25448028673835127,0.7215568862275449,0.27844311377245506,0.8843141544519799,0.7321912242686891,0.2857142857142857,0.38028169014084506,0.9709035222052067,0.8798076923076923,0.6283089039597463,0.6300446912242686
sex,0.8622754491017964,0.5164835164835165,0.8968166849615807,0.3333333333333333,0.9488966318234611,0.4051724137931034,0.8445235212230542,0.850828729281768,0.8758169934640523,0.14548802946593,0.13507625272331156,0.5419161676646707,0.45808383233532934,0.8445820602357049,0.839075322986918,0.3291139240506329,0.3387096774193548,0.9396551724137931,0.9596977329974811,0.634384548232213,0.649203705208418
