subgroup,accuracy,PPV,NPV,TPR,TNR,f1,auroc,accuracy_group_0,accuracy_group_1,disease_prevalence_group_0,disease_prevalence_group_1,prevalence_group_0,prevalence_group_1,auc_group_0,auc_group_1,tpr_group_0,tpr_group_1,tnr_group_0,tnr_group_1,balanced_acc_group_0,balanced_acc_group_1
age,0.8574317492416582,0.654320987654321,0.8755506607929515,0.3192771084337349,0.9659781287970839,0.4291497975708502,0.8752872974278645,0.8945022288261516,0.7784810126582279,0.1025260029717682,0.3069620253164557,0.6804853387259858,0.3195146612740142,0.8704770131490547,0.8396177564374147,0.11594202898550725,0.4639175257731959,0.9834437086092715,0.9178082191780822,0.5496928687973894,0.690862872475639
sex,0.8574317492416582,0.654320987654321,0.8755506607929515,0.3192771084337349,0.9659781287970839,0.4291497975708502,0.8752872974278645,0.8317399617590823,0.8862660944206009,0.1988527724665392,0.13304721030042918,0.5288169868554095,0.4711830131445905,0.8608637782265467,0.8891727882465665,0.38461538461538464,0.20967741935483872,0.9427207637231504,0.9900990099009901,0.6636680741692675,0.5998882146279144
