subgroup,accuracy,PPV,NPV,TPR,TNR,f1,auroc,accuracy_group_0,accuracy_group_1,disease_prevalence_group_0,disease_prevalence_group_1,prevalence_group_0,prevalence_group_1,auc_group_0,auc_group_1,tpr_group_0,tpr_group_1,tnr_group_0,tnr_group_1,balanced_acc_group_0,balanced_acc_group_1
age,0.8574317492416582,0.5984251968503937,0.8955916473317865,0.4578313253012048,0.9380315917375456,0.5187713310580204,0.8649885081028854,0.8930163447251115,0.7816455696202531,0.1025260029717682,0.3069620253164557,0.6804853387259858,0.3195146612740142,0.8579998080429984,0.8264840182648402,0.3188405797101449,0.5567010309278351,0.9586092715231788,0.8812785388127854,0.6387249256166618,0.7189897848703102
sex,0.8574317492416582,0.5984251968503937,0.8955916473317865,0.4578313253012048,0.9380315917375456,0.5187713310580204,0.8649885081028854,0.8374760994263862,0.8798283261802575,0.1988527724665392,0.13304721030042918,0.5288169868554095,0.4711830131445905,0.862699651184138,0.8588709677419355,0.5,0.3870967741935484,0.9212410501193318,0.9554455445544554,0.7106205250596659,0.671271159374002
