subgroup,accuracy,PPV,NPV,TPR,TNR,f1,auroc,accuracy_group_0,accuracy_group_1,disease_prevalence_group_0,disease_prevalence_group_1,prevalence_group_0,prevalence_group_1,auc_group_0,auc_group_1,tpr_group_0,tpr_group_1,tnr_group_0,tnr_group_1,balanced_acc_group_0,balanced_acc_group_1
age,0.8532934131736527,0.47692307692307695,0.9094036697247706,0.4397163120567376,0.9210220673635308,0.4575645756457565,0.841986474575992,0.8879668049792531,0.7634408602150538,0.09681881051175657,0.25448028673835127,0.7215568862275449,0.27844311377245506,0.8758258586742507,0.7487811484290358,0.37142857142857144,0.5070422535211268,0.9433384379785605,0.8509615384615384,0.657383504703566,0.6790018959913326
sex,0.8532934131736527,0.47692307692307695,0.9094036697247706,0.4397163120567376,0.9210220673635308,0.4575645756457565,0.841986474575992,0.8453038674033149,0.8627450980392157,0.14548802946593,0.13507625272331156,0.5419161676646707,0.45808383233532934,0.8488924050632911,0.8324124482002113,0.4936708860759494,0.3709677419354839,0.9051724137931034,0.9395465994962217,0.6994216499345264,0.6552571707158528
