subgroup,accuracy,PPV,NPV,TPR,TNR,f1,auroc,accuracy_group_0,accuracy_group_1,disease_prevalence_group_0,disease_prevalence_group_1,prevalence_group_0,prevalence_group_1,auc_group_0,auc_group_1,tpr_group_0,tpr_group_1,tnr_group_0,tnr_group_1,balanced_acc_group_0,balanced_acc_group_1
age,0.8522954091816367,0.4797687861271676,0.9300361881785284,0.5886524822695035,0.8954703832752613,0.5286624203821656,0.8799350911442245,0.9017980636237898,0.7240143369175627,0.09681881051175657,0.25448028673835127,0.7215568862275449,0.27844311377245506,0.9240428790199081,0.7629333694474539,0.6285714285714286,0.5492957746478874,0.9310872894333844,0.7836538461538461,0.7798293590024065,0.6664748104008668
sex,0.8522954091816367,0.4797687861271676,0.9300361881785284,0.5886524822695035,0.8954703832752613,0.5286624203821656,0.8799350911442245,0.8360957642725598,0.8714596949891068,0.14548802946593,0.13507625272331156,0.5419161676646707,0.45808383233532934,0.8750818419903972,0.8852279190704477,0.6455696202531646,0.5161290322580645,0.8685344827586207,0.9269521410579346,0.7570520515058926,0.7215405866579996
