subgroup,accuracy,PPV,NPV,TPR,TNR,f1,auroc,accuracy_group_0,accuracy_group_1,disease_prevalence_group_0,disease_prevalence_group_1,prevalence_group_0,prevalence_group_1,auc_group_0,auc_group_1,tpr_group_0,tpr_group_1,tnr_group_0,tnr_group_1,balanced_acc_group_0,balanced_acc_group_1
age,0.8473053892215568,0.4666666666666667,0.9306569343065694,0.5957446808510638,0.8885017421602788,0.5233644859813084,0.8852068763848733,0.8948824343015215,0.7240143369175627,0.09681881051175657,0.25448028673835127,0.7215568862275449,0.27844311377245506,0.922095821483264,0.7744447453954496,0.6,0.5915492957746479,0.9264931087289433,0.7692307692307693,0.7632465543644716,0.6803900325027086
sex,0.8473053892215568,0.4666666666666667,0.9306569343065694,0.5957446808510638,0.8885017421602788,0.5233644859813084,0.8852068763848733,0.8268876611418048,0.8714596949891068,0.14548802946593,0.13507625272331156,0.5419161676646707,0.45808383233532934,0.8743725447402881,0.8981067685057285,0.620253164556962,0.5645161290322581,0.8620689655172413,0.9193954659949622,0.7411610650371017,0.7419557975136102
