subgroup,accuracy,PPV,NPV,TPR,TNR,f1,auroc,accuracy_group_0,accuracy_group_1,disease_prevalence_group_0,disease_prevalence_group_1,prevalence_group_0,prevalence_group_1,auc_group_0,auc_group_1,tpr_group_0,tpr_group_1,tnr_group_0,tnr_group_1,balanced_acc_group_0,balanced_acc_group_1
age,0.8928210313447927,0.6829268292682927,0.9345454545454546,0.6746987951807228,0.93681652490887,0.6787878787878787,0.913130041429387,0.9167904903417533,0.8417721518987342,0.1025260029717682,0.3069620253164557,0.6804853387259858,0.3195146612740142,0.9072847682119205,0.8895636209574919,0.5797101449275363,0.7422680412371134,0.9552980132450332,0.8858447488584474,0.7675040790862847,0.8140563950477804
sex,0.8928210313447927,0.6829268292682927,0.9345454545454546,0.6746987951807228,0.93681652490887,0.6787878787878787,0.913130041429387,0.869980879541109,0.9184549356223176,0.1988527724665392,0.13304721030042918,0.5288169868554095,0.4711830131445905,0.906347530750872,0.9183966783775152,0.6730769230769231,0.6774193548387096,0.918854415274463,0.9554455445544554,0.7959656691756931,0.8164324496965825
