subgroup,accuracy,PPV,NPV,TPR,TNR,f1,auroc,accuracy_group_0,accuracy_group_1,disease_prevalence_group_0,disease_prevalence_group_1,prevalence_group_0,prevalence_group_1,auc_group_0,auc_group_1,tpr_group_0,tpr_group_1,tnr_group_0,tnr_group_1,balanced_acc_group_0,balanced_acc_group_1
age,0.8827098078867543,0.654320987654321,0.9274486094316807,0.6385542168674698,0.9319562575941677,0.6463414634146342,0.9193810478853445,0.9108469539375929,0.8227848101265823,0.1025260029717682,0.3069620253164557,0.6804853387259858,0.3195146612740142,0.9303436030329206,0.8804782751965352,0.5217391304347826,0.7216494845360825,0.9552980132450332,0.867579908675799,0.7385185718399079,0.7946146966059408
sex,0.8827098078867543,0.654320987654321,0.9274486094316807,0.6385542168674698,0.9319562575941677,0.6463414634146342,0.9193810478853445,0.864244741873805,0.9034334763948498,0.1988527724665392,0.13304721030042918,0.5288169868554095,0.4711830131445905,0.9170414907288416,0.9187559885020761,0.6634615384615384,0.5967741935483871,0.9140811455847255,0.9504950495049505,0.7887713420231319,0.7736346215266687
