subgroup,accuracy,PPV,NPV,TPR,TNR,f1,auroc,accuracy_group_0,accuracy_group_1,disease_prevalence_group_0,disease_prevalence_group_1,prevalence_group_0,prevalence_group_1,auc_group_0,auc_group_1,tpr_group_0,tpr_group_1,tnr_group_0,tnr_group_1,balanced_acc_group_0,balanced_acc_group_1
age,0.8692614770459082,0.5297619047619048,0.9376498800959233,0.6312056737588653,0.908246225319396,0.5760517799352751,0.900066721031952,0.9197786998616874,0.7383512544802867,0.09681881051175657,0.25448028673835127,0.7215568862275449,0.27844311377245506,0.9331437322248961,0.7927275189599132,0.6142857142857143,0.647887323943662,0.9525267993874426,0.7692307692307693,0.7834062568365785,0.7085590465872156
sex,0.8692614770459082,0.5297619047619048,0.9376498800959233,0.6312056737588653,0.908246225319396,0.5760517799352751,0.900066721031952,0.860036832412523,0.8801742919389978,0.14548802946593,0.13507625272331156,0.5419161676646707,0.45808383233532934,0.8997708424268878,0.9006662874786707,0.6582278481012658,0.5967741935483871,0.8943965517241379,0.924433249370277,0.7763121999127018,0.7606037214593321
