subgroup,accuracy,PPV,NPV,TPR,TNR,f1,auroc,accuracy_group_0,accuracy_group_1,disease_prevalence_group_0,disease_prevalence_group_1,prevalence_group_0,prevalence_group_1,auc_group_0,auc_group_1,tpr_group_0,tpr_group_1,tnr_group_0,tnr_group_1,balanced_acc_group_0,balanced_acc_group_1
age,0.8675429726996967,0.5925925925925926,0.9325,0.6746987951807228,0.9064398541919806,0.6309859154929577,0.9139571652344494,0.888558692421991,0.8227848101265823,0.1025260029717682,0.3069620253164557,0.6804853387259858,0.3195146612740142,0.9131394567616854,0.8903168102433743,0.5942028985507246,0.7319587628865979,0.9221854304635762,0.863013698630137,0.7581941645071504,0.7974862307583674
sex,0.8675429726996967,0.5925925925925926,0.9325,0.6746987951807228,0.9064398541919806,0.6309859154929577,0.9139571652344494,0.8604206500956023,0.8755364806866953,0.1988527724665392,0.13304721030042918,0.5288169868554095,0.4711830131445905,0.9256930420414907,0.8940833599488982,0.7211538461538461,0.5967741935483871,0.8949880668257757,0.9183168316831684,0.808070956489811,0.7575455126157777
