subgroup,accuracy,PPV,NPV,TPR,TNR,f1,auroc,accuracy_group_0,accuracy_group_1,disease_prevalence_group_0,disease_prevalence_group_1,prevalence_group_0,prevalence_group_1,auc_group_0,auc_group_1,tpr_group_0,tpr_group_1,tnr_group_0,tnr_group_1,balanced_acc_group_0,balanced_acc_group_1
age,0.8542914171656687,0.4876847290640394,0.9474342928660826,0.7021276595744681,0.8792102206736353,0.5755813953488372,0.8911623462739187,0.8990318118948825,0.7383512544802867,0.09681881051175657,0.25448028673835127,0.7215568862275449,0.27844311377245506,0.9066943775978998,0.825839653304442,0.6142857142857143,0.7887323943661971,0.9295558958652373,0.7211538461538461,0.7719208050754758,0.7549431202600216
sex,0.8542914171656687,0.4876847290640394,0.9474342928660826,0.7021276595744681,0.8792102206736353,0.5755813953488372,0.8911623462739187,0.850828729281768,0.8583877995642701,0.14548802946593,0.13507625272331156,0.5419161676646707,0.45808383233532934,0.887576385857704,0.8986755504997156,0.7215189873417721,0.6774193548387096,0.8728448275862069,0.8866498740554156,0.7971819074639894,0.7820346144470627
