subgroup,accuracy,PPV,NPV,TPR,TNR,f1,auroc,accuracy_group_0,accuracy_group_1,disease_prevalence_group_0,disease_prevalence_group_1,prevalence_group_0,prevalence_group_1,auc_group_0,auc_group_1,tpr_group_0,tpr_group_1,tnr_group_0,tnr_group_1,balanced_acc_group_0,balanced_acc_group_1
age,0.8323353293413174,0.43661971830985913,0.9391634980988594,0.6595744680851063,0.8606271777003485,0.5254237288135594,0.873625423184323,0.8865836791147994,0.6917562724014337,0.09681881051175657,0.25448028673835127,0.7215568862275449,0.27844311377245506,0.912907460074382,0.768011917659805,0.6857142857142857,0.6338028169014085,0.9081163859111792,0.7115384615384616,0.7969153358127324,0.6726706392199351
sex,0.8323353293413174,0.43661971830985913,0.9391634980988594,0.6595744680851063,0.8606271777003485,0.5254237288135594,0.873625423184323,0.8305709023941068,0.8344226579520697,0.14548802946593,0.13507625272331156,0.5419161676646707,0.45808383233532934,0.8794740288083805,0.8665799951247257,0.6962025316455697,0.6129032258064516,0.853448275862069,0.8690176322418136,0.7748254037538194,0.7409604290241326
