subgroup,accuracy,PPV,NPV,TPR,TNR,f1,auroc,accuracy_group_0,accuracy_group_1,disease_prevalence_group_0,disease_prevalence_group_1,prevalence_group_0,prevalence_group_1,auc_group_0,auc_group_1,tpr_group_0,tpr_group_1,tnr_group_0,tnr_group_1,balanced_acc_group_0,balanced_acc_group_1
age,0.8622754491017964,0.5098039215686274,0.9257950530035336,0.5531914893617021,0.9128919860627178,0.5306122448979591,0.8830899251241753,0.9031811894882434,0.7562724014336918,0.09681881051175657,0.25448028673835127,0.7215568862275449,0.27844311377245506,0.9108072631809232,0.7919826652221018,0.5571428571428572,0.5492957746478874,0.9402756508422665,0.8269230769230769,0.7487092539925618,0.6881094257854821
sex,0.8622754491017964,0.5098039215686274,0.9257950530035336,0.5531914893617021,0.9128919860627178,0.5306122448979591,0.8830899251241753,0.8397790055248618,0.8888888888888888,0.14548802946593,0.13507625272331156,0.5419161676646707,0.45808383233532934,0.862832824094282,0.9054196798569919,0.5316455696202531,0.5806451612903226,0.8922413793103449,0.9370277078085643,0.711943474465299,0.7588364345494434
