subgroup,accuracy,PPV,NPV,TPR,TNR,f1,auroc,accuracy_group_0,accuracy_group_1,disease_prevalence_group_0,disease_prevalence_group_1,prevalence_group_0,prevalence_group_1,auc_group_0,auc_group_1,tpr_group_0,tpr_group_1,tnr_group_0,tnr_group_1,balanced_acc_group_0,balanced_acc_group_1
age,0.8632734530938124,0.5119047619047619,0.934052757793765,0.6099290780141844,0.9047619047619048,0.5566343042071197,0.8974637770693817,0.9073305670816044,0.7491039426523297,0.09681881051175657,0.25448028673835127,0.7215568862275449,0.27844311377245506,0.9219645591774229,0.8077600216684724,0.6,0.6197183098591549,0.9402756508422665,0.7932692307692307,0.7701378254211333,0.7064937703141928
sex,0.8632734530938124,0.5119047619047619,0.934052757793765,0.6099290780141844,0.9047619047619048,0.5566343042071197,0.8974637770693817,0.861878453038674,0.8649237472766884,0.14548802946593,0.13507625272331156,0.5419161676646707,0.45808383233532934,0.8966881274552597,0.9013975786137971,0.6835443037974683,0.5161290322580645,0.8922413793103449,0.9193954659949622,0.7878928415539066,0.7177622491265134
