subgroup,accuracy,PPV,NPV,TPR,TNR,f1,auroc,accuracy_group_0,accuracy_group_1,disease_prevalence_group_0,disease_prevalence_group_1,prevalence_group_0,prevalence_group_1,auc_group_0,auc_group_1,tpr_group_0,tpr_group_1,tnr_group_0,tnr_group_1,balanced_acc_group_0,balanced_acc_group_1
age,0.8572854291417166,0.49382716049382713,0.9273809523809524,0.5673758865248227,0.9047619047619048,0.5280528052805281,0.8775957364436867,0.9087136929460581,0.7240143369175627,0.09681881051175657,0.25448028673835127,0.7215568862275449,0.27844311377245506,0.9169328374535113,0.7620530877573132,0.6285714285714286,0.5070422535211268,0.9387442572741195,0.7980769230769231,0.7836578429227741,0.6525595882990249
sex,0.8572854291417166,0.49382716049382713,0.9273809523809524,0.5673758865248227,0.9047619047619048,0.5280528052805281,0.8775957364436867,0.8397790055248618,0.8779956427015251,0.14548802946593,0.13507625272331156,0.5419161676646707,0.45808383233532934,0.8644969445656918,0.8940846672625336,0.5822784810126582,0.5483870967741935,0.8836206896551724,0.929471032745592,0.7329495853339153,0.7389290647598927
