subgroup,accuracy,PPV,NPV,TPR,TNR,f1,auroc,accuracy_group_0,accuracy_group_1,disease_prevalence_group_0,disease_prevalence_group_1,prevalence_group_0,prevalence_group_1,auc_group_0,auc_group_1,tpr_group_0,tpr_group_1,tnr_group_0,tnr_group_1,balanced_acc_group_0,balanced_acc_group_1
age,0.874251497005988,0.5454545454545454,0.9390681003584229,0.6382978723404256,0.9128919860627178,0.5882352941176471,0.9044736040065569,0.9183955739972337,0.7598566308243727,0.09681881051175657,0.25448028673835127,0.7215568862275449,0.27844311377245506,0.9298840516298403,0.8104008667388949,0.6285714285714286,0.647887323943662,0.9494640122511485,0.7980769230769231,0.7890177204112885,0.7229821235102926
sex,0.874251497005988,0.5454545454545454,0.9390681003584229,0.6382978723404256,0.9128919860627178,0.5882352941176471,0.9044736040065569,0.8637200736648251,0.8867102396514162,0.14548802946593,0.13507625272331156,0.5419161676646707,0.45808383233532934,0.9072457442164994,0.9023320061753474,0.6708860759493671,0.5967741935483871,0.896551724137931,0.9319899244332494,0.7837189000436491,0.7643820589908182
