subgroup,accuracy,PPV,NPV,TPR,TNR,f1,auroc,accuracy_group_0,accuracy_group_1,disease_prevalence_group_0,disease_prevalence_group_1,prevalence_group_0,prevalence_group_1,auc_group_0,auc_group_1,tpr_group_0,tpr_group_1,tnr_group_0,tnr_group_1,balanced_acc_group_0,balanced_acc_group_1
age,0.8746208291203236,0.6060606060606061,0.9418457648546145,0.7228915662650602,0.905224787363305,0.6593406593406593,0.9190443426195669,0.8989598811292719,0.8227848101265823,0.1025260029717682,0.3069620253164557,0.6804853387259858,0.3195146612740142,0.9134033976389289,0.9009556089064633,0.6376811594202898,0.7835051546391752,0.9288079470198676,0.8401826484018264,0.7832445532200787,0.8118439015205008
sex,0.8746208291203236,0.6060606060606061,0.9418457648546145,0.7228915662650602,0.905224787363305,0.6593406593406593,0.9190443426195669,0.8680688336520076,0.8819742489270386,0.1988527724665392,0.13304721030042918,0.5288169868554095,0.4711830131445905,0.920759133467964,0.9134062599808368,0.7788461538461539,0.6290322580645161,0.8902147971360382,0.9207920792079208,0.834530475491096,0.7749121686362185
