subgroup,accuracy,PPV,NPV,TPR,TNR,f1,auroc,accuracy_group_0,accuracy_group_1,disease_prevalence_group_0,disease_prevalence_group_1,prevalence_group_0,prevalence_group_1,auc_group_0,auc_group_1,tpr_group_0,tpr_group_1,tnr_group_0,tnr_group_1,balanced_acc_group_0,balanced_acc_group_1
age,0.8343313373253493,0.4418604651162791,0.9415501905972046,0.6737588652482269,0.8606271777003485,0.5337078651685393,0.8892019011375524,0.8824343015214384,0.7096774193548387,0.09681881051175657,0.25448028673835127,0.7215568862275449,0.27844311377245506,0.9151170422227084,0.8085048754062839,0.6428571428571429,0.704225352112676,0.9081163859111792,0.7115384615384616,0.775486764384161,0.7078819068255688
sex,0.8343313373253493,0.4418604651162791,0.9415501905972046,0.6737588652482269,0.8606271777003485,0.5337078651685393,0.8892019011375524,0.8287292817679558,0.840958605664488,0.14548802946593,0.13507625272331156,0.5419161676646707,0.45808383233532934,0.8954604975993017,0.8816933452506703,0.7088607594936709,0.6290322580645161,0.8491379310344828,0.8740554156171285,0.7789993452640769,0.7515438368408223
