subgroup,accuracy,PPV,NPV,TPR,TNR,f1,auroc,accuracy_group_0,accuracy_group_1,disease_prevalence_group_0,disease_prevalence_group_1,prevalence_group_0,prevalence_group_1,auc_group_0,auc_group_1,tpr_group_0,tpr_group_1,tnr_group_0,tnr_group_1,balanced_acc_group_0,balanced_acc_group_1
age,0.8766430738119313,0.6692307692307692,0.9080325960419092,0.5240963855421686,0.9477521263669502,0.5878378378378377,0.916526372805926,0.912332838038633,0.8006329113924051,0.1025260029717682,0.3069620253164557,0.6804853387259858,0.3195146612740142,0.9229532584701028,0.875817916490138,0.4057971014492754,0.6082474226804123,0.9701986754966887,0.8858447488584474,0.687997888472982,0.7470460857694299
sex,0.8766430738119313,0.6692307692307692,0.9080325960419092,0.5240963855421686,0.9477521263669502,0.5878378378378377,0.916526372805926,0.875717017208413,0.8776824034334764,0.1988527724665392,0.13304721030042918,0.5288169868554095,0.4711830131445905,0.9261061134569488,0.8996327052060045,0.6057692307692307,0.3870967741935484,0.9427207637231504,0.9529702970297029,0.7742449972461906,0.6700335356116256
