subgroup,accuracy,PPV,NPV,TPR,TNR,f1,auroc,accuracy_group_0,accuracy_group_1,disease_prevalence_group_0,disease_prevalence_group_1,prevalence_group_0,prevalence_group_1,auc_group_0,auc_group_1,tpr_group_0,tpr_group_1,tnr_group_0,tnr_group_1,balanced_acc_group_0,balanced_acc_group_1
age,0.8918099089989889,0.7092198581560284,0.9221698113207547,0.6024096385542169,0.9501822600243013,0.6514657980456027,0.9279011550454552,0.9227340267459139,0.8259493670886076,0.1025260029717682,0.3069620253164557,0.6804853387259858,0.3195146612740142,0.937470006718495,0.8919173374758743,0.5072463768115942,0.6701030927835051,0.9701986754966887,0.8949771689497716,0.7387225261541415,0.7825401308666384
sex,0.8918099089989889,0.7092198581560284,0.9221698113207547,0.6024096385542169,0.9501822600243013,0.6514657980456027,0.9279011550454552,0.8795411089866156,0.9055793991416309,0.1988527724665392,0.13304721030042918,0.5288169868554095,0.4711830131445905,0.9406554066458601,0.9043436601724688,0.6634615384615384,0.5,0.9331742243436754,0.9678217821782178,0.7983178814026068,0.7339108910891089
