subgroup,accuracy,PPV,NPV,TPR,TNR,f1,auroc,accuracy_group_0,accuracy_group_1,disease_prevalence_group_0,disease_prevalence_group_1,prevalence_group_0,prevalence_group_1,auc_group_0,auc_group_1,tpr_group_0,tpr_group_1,tnr_group_0,tnr_group_1,balanced_acc_group_0,balanced_acc_group_1
age,0.871587462082912,0.6101694915254238,0.9285714285714286,0.6506024096385542,0.9161603888213852,0.6297376093294461,0.914367067297135,0.9093610698365527,0.7911392405063291,0.1025260029717682,0.3069620253164557,0.6804853387259858,0.3195146612740142,0.9166906612918706,0.8804312008661677,0.5217391304347826,0.7422680412371134,0.9536423841059603,0.8127853881278538,0.7376907572703715,0.7775267146824836
sex,0.871587462082912,0.6101694915254238,0.9285714285714286,0.6506024096385542,0.9161603888213852,0.6297376093294461,0.914367067297135,0.8508604206500956,0.8948497854077253,0.1988527724665392,0.13304721030042918,0.5288169868554095,0.4711830131445905,0.9201854231687168,0.9054215905461515,0.7115384615384616,0.5483870967741935,0.8854415274463007,0.948019801980198,0.7984899944923811,0.7482034493771957
