subgroup,accuracy,PPV,NPV,TPR,TNR,f1,auroc,accuracy_group_0,accuracy_group_1,disease_prevalence_group_0,disease_prevalence_group_1,prevalence_group_0,prevalence_group_1,auc_group_0,auc_group_1,tpr_group_0,tpr_group_1,tnr_group_0,tnr_group_1,balanced_acc_group_0,balanced_acc_group_1
age,0.8988877654196158,0.72,0.930870083432658,0.6506024096385542,0.9489671931956257,0.6835443037974683,0.9248268895753122,0.9153046062407132,0.8639240506329114,0.1025260029717682,0.3069620253164557,0.6804853387259858,0.3195146612740142,0.9208177368269508,0.9051922986395519,0.4782608695652174,0.7731958762886598,0.9652317880794702,0.9041095890410958,0.7217463288223438,0.8386527326648778
sex,0.8988877654196158,0.72,0.930870083432658,0.6506024096385542,0.9489671931956257,0.6835443037974683,0.9248268895753122,0.8910133843212237,0.907725321888412,0.1988527724665392,0.13304721030042918,0.5288169868554095,0.4711830131445905,0.937075454378557,0.9040641967422549,0.7019230769230769,0.5645161290322581,0.9379474940334129,0.9603960396039604,0.8199352854782449,0.7624560843181092
