subgroup,accuracy,PPV,NPV,TPR,TNR,f1,auroc,accuracy_group_0,accuracy_group_1,disease_prevalence_group_0,disease_prevalence_group_1,prevalence_group_0,prevalence_group_1,auc_group_0,auc_group_1,tpr_group_0,tpr_group_1,tnr_group_0,tnr_group_1,balanced_acc_group_0,balanced_acc_group_1
age,0.8756319514661274,0.6369426751592356,0.9206730769230769,0.6024096385542169,0.9307411907654921,0.6191950464396285,0.9138473700390872,0.9078751857355126,0.8069620253164557,0.1025260029717682,0.3069620253164557,0.6804853387259858,0.3195146612740142,0.9143871772722911,0.8812785388127854,0.5217391304347826,0.6597938144329897,0.9519867549668874,0.8721461187214612,0.7368629427008351,0.7659699665772255
sex,0.8756319514661274,0.6369426751592356,0.9206730769230769,0.6024096385542169,0.9307411907654921,0.6191950464396285,0.9138473700390872,0.8604206500956023,0.8927038626609443,0.1988527724665392,0.13304721030042918,0.5288169868554095,0.4711830131445905,0.9102258123737837,0.9130070265091026,0.6346153846153846,0.5483870967741935,0.9164677804295943,0.9455445544554455,0.7755415825224894,0.7469658256148195
