subgroup,accuracy,PPV,NPV,TPR,TNR,f1,auroc,accuracy_group_0,accuracy_group_1,disease_prevalence_group_0,disease_prevalence_group_1,prevalence_group_0,prevalence_group_1,auc_group_0,auc_group_1,tpr_group_0,tpr_group_1,tnr_group_0,tnr_group_1,balanced_acc_group_0,balanced_acc_group_1
age,0.8867542972699697,0.68,0.9237187127532777,0.6144578313253012,0.9416767922235723,0.6455696202531646,0.9226236659883764,0.9093610698365527,0.8386075949367089,0.1025260029717682,0.3069620253164557,0.6804853387259858,0.3195146612740142,0.9289039255206832,0.8921997834580803,0.463768115942029,0.7216494845360825,0.9602649006622517,0.8904109589041096,0.7120165083021404,0.8060302217200961
sex,0.8867542972699697,0.68,0.9237187127532777,0.6144578313253012,0.9416767922235723,0.6455696202531646,0.9226236659883764,0.8680688336520076,0.907725321888412,0.1988527724665392,0.13304721030042918,0.5288169868554095,0.4711830131445905,0.9323021846888195,0.9004710954966465,0.6730769230769231,0.5161290322580645,0.9164677804295943,0.9678217821782178,0.7947723517532588,0.7419754072181411
