subgroup,accuracy,PPV,NPV,TPR,TNR,f1,auroc,accuracy_group_0,accuracy_group_1,disease_prevalence_group_0,disease_prevalence_group_1,prevalence_group_0,prevalence_group_1,auc_group_0,auc_group_1,tpr_group_0,tpr_group_1,tnr_group_0,tnr_group_1,balanced_acc_group_0,balanced_acc_group_1
age,0.8692614770459082,0.5378787878787878,0.9195402298850575,0.5035460992907801,0.9291521486643438,0.5201465201465201,0.886598957174982,0.9128630705394191,0.7562724014336918,0.09681881051175657,0.25448028673835127,0.7215568862275449,0.27844311377245506,0.9135200175016408,0.800650054171181,0.5,0.5070422535211268,0.9571209800918836,0.8413461538461539,0.7285604900459418,0.6741942036836404
sex,0.8692614770459082,0.5378787878787878,0.9195402298850575,0.5035460992907801,0.9291521486643438,0.5201465201465201,0.886598957174982,0.850828729281768,0.8910675381263616,0.14548802946593,0.13507625272331156,0.5419161676646707,0.45808383233532934,0.8572402880838061,0.9187454294304055,0.46835443037974683,0.5483870967741935,0.915948275862069,0.9445843828715366,0.6921513531209079,0.746485739822865
