subgroup,accuracy,PPV,NPV,TPR,TNR,f1,auroc,accuracy_group_0,accuracy_group_1,disease_prevalence_group_0,disease_prevalence_group_1,prevalence_group_0,prevalence_group_1,auc_group_0,auc_group_1,tpr_group_0,tpr_group_1,tnr_group_0,tnr_group_1,balanced_acc_group_0,balanced_acc_group_1
age,0.8786653185035389,0.6796875,0.908246225319396,0.5240963855421686,0.9501822600243013,0.5918367346938775,0.9205229179171119,0.9093610698365527,0.8132911392405063,0.1025260029717682,0.3069620253164557,0.6804853387259858,0.3195146612740142,0.9178184086764565,0.8979899260933013,0.43478260869565216,0.5876288659793815,0.9635761589403974,0.91324200913242,0.6991793838180248,0.7504354375559008
sex,0.8786653185035389,0.6796875,0.908246225319396,0.5240963855421686,0.9501822600243013,0.5918367346938775,0.9205229179171119,0.8546845124282982,0.9055793991416309,0.1988527724665392,0.13304721030042918,0.5288169868554095,0.4711830131445905,0.9174545621442995,0.9177978281699137,0.5576923076923077,0.46774193548387094,0.9284009546539379,0.9727722772277227,0.7430466311731228,0.7202571063557969
