subgroup,accuracy,PPV,NPV,TPR,TNR,f1,auroc,accuracy_group_0,accuracy_group_1,disease_prevalence_group_0,disease_prevalence_group_1,prevalence_group_0,prevalence_group_1,auc_group_0,auc_group_1,tpr_group_0,tpr_group_1,tnr_group_0,tnr_group_1,balanced_acc_group_0,balanced_acc_group_1
age,0.8574317492416582,0.6506024096385542,0.8763796909492274,0.3253012048192771,0.9647630619684082,0.43373493975903615,0.8750530676777585,0.9004457652303121,0.7658227848101266,0.1025260029717682,0.3069620253164557,0.6804853387259858,0.3195146612740142,0.8607591899414532,0.8475733182695475,0.18840579710144928,0.422680412371134,0.9817880794701986,0.9178082191780822,0.585096938285824,0.6702443157746081
sex,0.8574317492416582,0.6506024096385542,0.8763796909492274,0.3253012048192771,0.9647630619684082,0.43373493975903615,0.8750530676777585,0.8317399617590823,0.8862660944206009,0.1988527724665392,0.13304721030042918,0.5288169868554095,0.4711830131445905,0.8641683495502112,0.884062599808368,0.40384615384615385,0.1935483870967742,0.9379474940334129,0.9925742574257426,0.6708968239397834,0.5930613222612584
