subgroup,accuracy,PPV,NPV,TPR,TNR,f1,auroc,accuracy_group_0,accuracy_group_1,disease_prevalence_group_0,disease_prevalence_group_1,prevalence_group_0,prevalence_group_1,auc_group_0,auc_group_1,tpr_group_0,tpr_group_1,tnr_group_0,tnr_group_1,balanced_acc_group_0,balanced_acc_group_1
age,0.8562874251497006,0.4835164835164835,0.893523600439078,0.3120567375886525,0.9454123112659698,0.3793103448275862,0.8452236802003278,0.8962655601659751,0.7526881720430108,0.09681881051175657,0.25448028673835127,0.7215568862275449,0.27844311377245506,0.8848392036753445,0.734967497291441,0.22857142857142856,0.39436619718309857,0.9678407350689127,0.875,0.5982060818201707,0.6346830985915493
sex,0.8562874251497006,0.4835164835164835,0.893523600439078,0.3120567375886525,0.9454123112659698,0.3793103448275862,0.8452236802003278,0.8379373848987108,0.8779956427015251,0.14548802946593,0.13507625272331156,0.5419161676646707,0.45808383233532934,0.8421540811872545,0.8461038433411879,0.31645569620253167,0.3064516129032258,0.9267241379310345,0.9672544080604534,0.6215899170667831,0.6368530104818396
