subgroup,accuracy,PPV,NPV,TPR,TNR,f1,auroc,accuracy_group_0,accuracy_group_1,disease_prevalence_group_0,disease_prevalence_group_1,prevalence_group_0,prevalence_group_1,auc_group_0,auc_group_1,tpr_group_0,tpr_group_1,tnr_group_0,tnr_group_1,balanced_acc_group_0,balanced_acc_group_1
age,0.8852295409181636,0.7241379310344828,0.8951271186440678,0.2978723404255319,0.9814169570267132,0.42211055276381904,0.8774309931549163,0.9183955739972337,0.7992831541218638,0.09681881051175657,0.25448028673835127,0.7215568862275449,0.27844311377245506,0.8938306716254649,0.8067443120260022,0.2571428571428571,0.3380281690140845,0.9892802450229708,0.9567307692307693,0.6232115510829139,0.6473794691224268
sex,0.8852295409181636,0.7241379310344828,0.8951271186440678,0.2978723404255319,0.9814169570267132,0.42211055276381904,0.8774309931549163,0.8858195211786372,0.8845315904139434,0.14548802946593,0.13507625272331156,0.5419161676646707,0.45808383233532934,0.8681525534701005,0.8864467376289916,0.3037974683544304,0.2903225806451613,0.9849137931034483,0.9773299748110831,0.6443556307289393,0.6338262777281222
