subgroup,accuracy,PPV,NPV,TPR,TNR,f1,auroc,accuracy_group_0,accuracy_group_1,disease_prevalence_group_0,disease_prevalence_group_1,prevalence_group_0,prevalence_group_1,auc_group_0,auc_group_1,tpr_group_0,tpr_group_1,tnr_group_0,tnr_group_1,balanced_acc_group_0,balanced_acc_group_1
age,0.8725985844287159,0.8448275862068966,0.874328678839957,0.29518072289156627,0.9890643985419199,0.43750000000000006,0.913210557905986,0.9138187221396731,0.7848101265822784,0.1025260029717682,0.3069620253164557,0.6804853387259858,0.3195146612740142,0.9187541990594108,0.8769477004189615,0.18840579710144928,0.3711340206185567,0.9966887417218543,0.9680365296803652,0.5925472694116518,0.669585275149461
sex,0.8725985844287159,0.8448275862068966,0.874328678839957,0.29518072289156627,0.9890643985419199,0.43750000000000006,0.913210557905986,0.8546845124282982,0.8927038626609443,0.1988527724665392,0.13304721030042918,0.5288169868554095,0.4711830131445905,0.9077932807049752,0.9187959118492495,0.3269230769230769,0.24193548387096775,0.9856801909307876,0.9925742574257426,0.6563016339269323,0.6172548706483552
