subgroup,accuracy,PPV,NPV,TPR,TNR,f1,auroc,accuracy_group_0,accuracy_group_1,disease_prevalence_group_0,disease_prevalence_group_1,prevalence_group_0,prevalence_group_1,auc_group_0,auc_group_1,tpr_group_0,tpr_group_1,tnr_group_0,tnr_group_1,balanced_acc_group_0,balanced_acc_group_1
age,0.8361981799797775,0.5204081632653061,0.8709315375982043,0.3072289156626506,0.9428918590522479,0.38636363636363635,0.8532843402772695,0.8811292719167905,0.740506329113924,0.1025260029717682,0.3069620253164557,0.6804853387259858,0.3195146612740142,0.8425472694116518,0.813726874735207,0.18840579710144928,0.3917525773195876,0.9602649006622517,0.8949771689497716,0.5743353488818504,0.6433648731346796
sex,0.8361981799797775,0.5204081632653061,0.8709315375982043,0.3072289156626506,0.9428918590522479,0.38636363636363635,0.8532843402772695,0.8087954110898662,0.8669527896995708,0.1988527724665392,0.13304721030042918,0.5288169868554095,0.4711830131445905,0.8400725169818248,0.862943149153625,0.34615384615384615,0.24193548387096775,0.9236276849642004,0.9628712871287128,0.6348907655590232,0.6024033854998403
