subgroup,accuracy,PPV,NPV,TPR,TNR,f1,auroc,accuracy_group_0,accuracy_group_1,disease_prevalence_group_0,disease_prevalence_group_1,prevalence_group_0,prevalence_group_1,auc_group_0,auc_group_1,tpr_group_0,tpr_group_1,tnr_group_0,tnr_group_1,balanced_acc_group_0,balanced_acc_group_1
age,0.8572854291417166,0.49038461538461536,0.8997772828507795,0.3617021276595745,0.9384436701509872,0.4163265306122449,0.8435185871615556,0.8948824343015215,0.7598566308243727,0.09681881051175657,0.25448028673835127,0.7215568862275449,0.27844311377245506,0.8807481951432947,0.7392334777898159,0.2857142857142857,0.43661971830985913,0.9601837672281777,0.8701923076923077,0.6229490264712316,0.6534060130010835
sex,0.8572854291417166,0.49038461538461536,0.8997772828507795,0.3617021276595745,0.9384436701509872,0.4163265306122449,0.8435185871615556,0.8434622467771639,0.8736383442265795,0.14548802946593,0.13507625272331156,0.5419161676646707,0.45808383233532934,0.8423996071584461,0.8415535873892906,0.379746835443038,0.3387096774193548,0.9224137931034483,0.9571788413098237,0.6510803142732431,0.6479442593645892
