subgroup,accuracy,PPV,NPV,TPR,TNR,f1,auroc,accuracy_group_0,accuracy_group_1,disease_prevalence_group_0,disease_prevalence_group_1,prevalence_group_0,prevalence_group_1,auc_group_0,auc_group_1,tpr_group_0,tpr_group_1,tnr_group_0,tnr_group_1,balanced_acc_group_0,balanced_acc_group_1
age,0.875249500998004,0.5689655172413793,0.9153498871331829,0.46808510638297873,0.9419279907084785,0.5136186770428015,0.8713931516214858,0.91701244813278,0.7670250896057348,0.09681881051175657,0.25448028673835127,0.7215568862275449,0.27844311377245506,0.9020783198424852,0.7711944745395449,0.38571428571428573,0.5492957746478874,0.9739663093415007,0.8413461538461539,0.6798402975278932,0.6953209642470206
sex,0.875249500998004,0.5689655172413793,0.9153498871331829,0.46808510638297873,0.9419279907084785,0.5136186770428015,0.8713931516214858,0.8655616942909761,0.8867102396514162,0.14548802946593,0.13507625272331156,0.5419161676646707,0.45808383233532934,0.872217372326495,0.8664987405541561,0.46835443037974683,0.46774193548387094,0.9331896551724138,0.9521410579345088,0.7007720427760803,0.7099414967091898
