subgroup,accuracy,PPV,NPV,TPR,TNR,f1,auroc,accuracy_group_0,accuracy_group_1,disease_prevalence_group_0,disease_prevalence_group_1,prevalence_group_0,prevalence_group_1,auc_group_0,auc_group_1,tpr_group_0,tpr_group_1,tnr_group_0,tnr_group_1,balanced_acc_group_0,balanced_acc_group_1
age,0.8796764408493428,0.6910569105691057,0.9064665127020786,0.5120481927710844,0.9538274605103281,0.5882352941176471,0.9031752770498764,0.9034175334323923,0.8291139240506329,0.1025260029717682,0.3069620253164557,0.6804853387259858,0.3195146612740142,0.903325655053268,0.875394247516829,0.3188405797101449,0.6494845360824743,0.9701986754966887,0.908675799086758,0.6445196276034169,0.7790801675846162
sex,0.8796764408493428,0.6910569105691057,0.9064665127020786,0.5120481927710844,0.9538274605103281,0.5882352941176471,0.9031752770498764,0.8604206500956023,0.9012875536480687,0.1988527724665392,0.13304721030042918,0.5288169868554095,0.4711830131445905,0.9036855149623646,0.8937639731715106,0.5769230769230769,0.4032258064516129,0.9307875894988067,0.9777227722772277,0.7538553332109418,0.6904742893644202
