subgroup,accuracy,PPV,NPV,TPR,TNR,f1,auroc,accuracy_group_0,accuracy_group_1,disease_prevalence_group_0,disease_prevalence_group_1,prevalence_group_0,prevalence_group_1,auc_group_0,auc_group_1,tpr_group_0,tpr_group_1,tnr_group_0,tnr_group_1,balanced_acc_group_0,balanced_acc_group_1
age,0.8321536905965622,0.0,0.8321536905965622,0.0,1.0,0.0,0.8112181410941458,0.8974739970282318,0.6930379746835443,0.1025260029717682,0.3069620253164557,0.6804853387259858,0.3195146612740142,0.7930223629906901,0.7849173845502048,0.0,0.0,1.0,1.0,0.5,0.5
sex,0.8321536905965622,0.0,0.8321536905965622,0.0,1.0,0.0,0.8112181410941458,0.8011472275334608,0.8669527896995708,0.1988527724665392,0.13304721030042918,0.5288169868554095,0.4711830131445905,0.8015421332843766,0.8140769722133503,0.0,0.0,1.0,1.0,0.5,0.5
