subgroup,accuracy,PPV,NPV,TPR,TNR,f1,auroc,accuracy_group_0,accuracy_group_1,disease_prevalence_group_0,disease_prevalence_group_1,prevalence_group_0,prevalence_group_1,auc_group_0,auc_group_1,tpr_group_0,tpr_group_1,tnr_group_0,tnr_group_1,balanced_acc_group_0,balanced_acc_group_1
age,0.8592814371257484,0.0,0.8592814371257484,0.0,1.0,0.0,0.7838897537911549,0.9031811894882434,0.7455197132616488,0.09681881051175657,0.25448028673835127,0.7215568862275449,0.27844311377245506,0.7994749507766353,0.6986728060671723,0.0,0.0,1.0,1.0,0.5,0.5
sex,0.8592814371257484,0.0,0.8592814371257484,0.0,1.0,0.0,0.7838897537911549,0.85451197053407,0.8649237472766884,0.14548802946593,0.13507625272331156,0.5419161676646707,0.45808383233532934,0.756601920558708,0.812423823840091,0.0,0.0,1.0,1.0,0.5,0.5
