subgroup,accuracy,PPV,NPV,TPR,TNR,f1,auroc,accuracy_group_0,accuracy_group_1,disease_prevalence_group_0,disease_prevalence_group_1,prevalence_group_0,prevalence_group_1,auc_group_0,auc_group_1,tpr_group_0,tpr_group_1,tnr_group_0,tnr_group_1,balanced_acc_group_0,balanced_acc_group_1
age,0.8622754491017964,0.5217391304347826,0.887459807073955,0.2553191489361702,0.9616724738675958,0.3428571428571428,0.8412698412698412,0.8976486860304288,0.7706093189964157,0.09681881051175657,0.25448028673835127,0.7215568862275449,0.27844311377245506,0.8806606869394006,0.7342226435536294,0.22857142857142856,0.28169014084507044,0.9693721286370597,0.9375,0.5989717786042441,0.6095950704225352
sex,0.8622754491017964,0.5217391304347826,0.887459807073955,0.2553191489361702,0.9616724738675958,0.3428571428571428,0.8412698412698412,0.856353591160221,0.869281045751634,0.14548802946593,0.13507625272331156,0.5419161676646707,0.45808383233532934,0.8452913574858141,0.834281303323312,0.25316455696202533,0.25806451612903225,0.959051724137931,0.964735516372796,0.6061081405499782,0.6114000162509141
