pca_mode,label similarity,sex similarity,age similarity,race similarity
PCA Mode 1,0.5237938464675493,0.05499046295780365,0.18270342433542125,0.05234816810155205
PCA Mode 2,0.35722209235460506,0.11765440287058462,0.19533014987318426,0.09713057652558528
PCA Mode 3,0.21157347230052717,0.13161264396428493,0.09062922905985289,0.08681088558267029
PCA Mode 4,0.34591830574005605,0.13667619919914006,0.16294845020434018,0.15310991046827518
