pca_mode,label similarity,sex similarity,age similarity
PCA Mode 1,0.6297263568122382,0.10749682427232425,0.37074846250253096
PCA Mode 2,0.3501558537230516,0.07637951948302532,0.1150859306086591
PCA Mode 3,0.25913871481818124,0.16724002191334453,0.28575797391957597
PCA Mode 4,0.2270018727110911,0.048805263105795325,0.07223917977166622
