subgroup,accuracy,PPV,NPV,TPR,TNR,f1,auroc,accuracy_group_0,accuracy_group_1,disease_prevalence_group_0,disease_prevalence_group_1,prevalence_group_0,prevalence_group_1,auc_group_0,auc_group_1,tpr_group_0,tpr_group_1,tnr_group_0,tnr_group_1,balanced_acc_group_0,balanced_acc_group_1
age,0.8313373253493014,0.37272727272727274,0.8878923766816144,0.2907801418439716,0.9198606271777003,0.32669322709163345,0.8049686575893114,0.8782849239280774,0.7096774193548387,0.09681881051175657,0.25448028673835127,0.7215568862275449,0.27844311377245506,0.8362940275650843,0.6908856988082341,0.21428571428571427,0.36619718309859156,0.9494640122511485,0.8269230769230769,0.5818748632684314,0.5965601300108342
sex,0.8313373253493014,0.37272727272727274,0.8878923766816144,0.2907801418439716,0.9198606271777003,0.32669322709163345,0.8049686575893114,0.7992633517495396,0.869281045751634,0.14548802946593,0.13507625272331156,0.5419161676646707,0.45808383233532934,0.7857376691401134,0.821036808320468,0.25316455696202533,0.3387096774193548,0.8922413793103449,0.9521410579345088,0.572702968136185,0.6454253676769318
