subgroup,accuracy,PPV,NPV,TPR,TNR,f1,auroc,accuracy_group_0,accuracy_group_1,disease_prevalence_group_0,disease_prevalence_group_1,prevalence_group_0,prevalence_group_1,auc_group_0,auc_group_1,tpr_group_0,tpr_group_1,tnr_group_0,tnr_group_1,balanced_acc_group_0,balanced_acc_group_1
age,0.8624873609706775,0.6415094339622641,0.8890147225368064,0.40963855421686746,0.9538274605103281,0.4999999999999999,0.8807624178365955,0.8855869242199108,0.8132911392405063,0.1025260029717682,0.3069620253164557,0.6804853387259858,0.3195146612740142,0.8772914867069777,0.84832650755543,0.2028985507246377,0.5567010309278351,0.9635761589403974,0.9269406392694064,0.5832373548325176,0.7418208350986207
sex,0.8624873609706775,0.6415094339622641,0.8890147225368064,0.40963855421686746,0.9538274605103281,0.4999999999999999,0.8807624178365955,0.8451242829827916,0.8819742489270386,0.1988527724665392,0.13304721030042918,0.5288169868554095,0.4711830131445905,0.8750229484119699,0.8868173107633345,0.4807692307692308,0.2903225806451613,0.9355608591885441,0.9727722772277227,0.7081650449788874,0.631547428936442
