subgroup,accuracy,PPV,NPV,TPR,TNR,f1,auroc,accuracy_group_0,accuracy_group_1,disease_prevalence_group_0,disease_prevalence_group_1,prevalence_group_0,prevalence_group_1,auc_group_0,auc_group_1,tpr_group_0,tpr_group_1,tnr_group_0,tnr_group_1,balanced_acc_group_0,balanced_acc_group_1
age,0.8692614770459082,0.543859649122807,0.911036036036036,0.4397163120567376,0.9396051103368177,0.4862745098039216,0.8659401487631898,0.9017980636237898,0.7849462365591398,0.09681881051175657,0.25448028673835127,0.7215568862275449,0.27844311377245506,0.901531393568147,0.7627979414951246,0.38571428571428573,0.49295774647887325,0.9571209800918836,0.8846153846153846,0.6714176329030846,0.6887865655471289
sex,0.8692614770459082,0.543859649122807,0.911036036036036,0.4397163120567376,0.9396051103368177,0.4862745098039216,0.8659401487631898,0.8655616942909761,0.8736383442265795,0.14548802946593,0.13507625272331156,0.5419161676646707,0.45808383233532934,0.8706078131820165,0.8603640204761518,0.4936708860759494,0.3709677419354839,0.9288793103448276,0.9521410579345088,0.7112750982103885,0.6615543999349963
