subgroup,accuracy,PPV,NPV,TPR,TNR,f1,auroc,accuracy_group_0,accuracy_group_1,disease_prevalence_group_0,disease_prevalence_group_1,prevalence_group_0,prevalence_group_1,auc_group_0,auc_group_1,tpr_group_0,tpr_group_1,tnr_group_0,tnr_group_1,balanced_acc_group_0,balanced_acc_group_1
age,0.8634984833164813,0.6201550387596899,0.9,0.4819277108433735,0.9404617253948967,0.5423728813559322,0.8834048222049803,0.8870728083209509,0.8132911392405063,0.1025260029717682,0.3069620253164557,0.6804853387259858,0.3195146612740142,0.8794030137249256,0.8528927176010922,0.30434782608695654,0.6082474226804123,0.9536423841059603,0.9041095890410958,0.6289951050964584,0.7561785058607541
sex,0.8634984833164813,0.6201550387596899,0.9,0.4819277108433735,0.9404617253948967,0.5423728813559322,0.8834048222049803,0.8432122370936902,0.8862660944206009,0.1988527724665392,0.13304721030042918,0.5288169868554095,0.4711830131445905,0.8772718927850193,0.8880549345257107,0.5384615384615384,0.3870967741935484,0.918854415274463,0.9628712871287128,0.7286579768680007,0.6749840306611306
