subgroup,accuracy,PPV,NPV,TPR,TNR,f1,auroc,accuracy_group_0,accuracy_group_1,disease_prevalence_group_0,disease_prevalence_group_1,prevalence_group_0,prevalence_group_1,auc_group_0,auc_group_1,tpr_group_0,tpr_group_1,tnr_group_0,tnr_group_1,balanced_acc_group_0,balanced_acc_group_1
age,0.8502994011976048,0.46715328467153283,0.9109826589595376,0.45390070921985815,0.9152148664343787,0.46043165467625896,0.8504542796187841,0.8852005532503457,0.7598566308243727,0.09681881051175657,0.25448028673835127,0.7215568862275449,0.27844311377245506,0.8931087289433385,0.7375406283856988,0.4,0.5070422535211268,0.9372128637059725,0.8461538461538461,0.6686064318529863,0.6765980498374864
sex,0.8502994011976048,0.46715328467153283,0.9109826589595376,0.45390070921985815,0.9152148664343787,0.46043165467625896,0.8504542796187841,0.8360957642725598,0.8671023965141612,0.14548802946593,0.13507625272331156,0.5419161676646707,0.45808383233532934,0.836943474465299,0.8668237588364345,0.4810126582278481,0.41935483870967744,0.896551724137931,0.9370277078085643,0.6887821911828895,0.6781912732591209
