subgroup,accuracy,PPV,NPV,TPR,TNR,f1,auroc,accuracy_group_0,accuracy_group_1,disease_prevalence_group_0,disease_prevalence_group_1,prevalence_group_0,prevalence_group_1,auc_group_0,auc_group_1,tpr_group_0,tpr_group_1,tnr_group_0,tnr_group_1,balanced_acc_group_0,balanced_acc_group_1
age,0.8502994011976048,0.46616541353383456,0.9090909090909091,0.4397163120567376,0.9175377468060395,0.4525547445255474,0.842324198317971,0.8962655601659751,0.7311827956989247,0.09681881051175657,0.25448028673835127,0.7215568862275449,0.27844311377245506,0.8742944651061038,0.7411971830985915,0.37142857142857144,0.5070422535211268,0.9525267993874426,0.8076923076923077,0.661977685408007,0.6573672806067172
sex,0.8502994011976048,0.46616541353383456,0.9090909090909091,0.4397163120567376,0.9175377468060395,0.4525547445255474,0.842324198317971,0.8268876611418048,0.8779956427015251,0.14548802946593,0.13507625272331156,0.5419161676646707,0.45808383233532934,0.8386621562636403,0.8425692695214106,0.4430379746835443,0.43548387096774194,0.8922413793103449,0.947103274559194,0.6676396769969446,0.6912935727634679
