subgroup,accuracy,PPV,NPV,TPR,TNR,f1,auroc,accuracy_group_0,accuracy_group_1,disease_prevalence_group_0,disease_prevalence_group_1,prevalence_group_0,prevalence_group_1,auc_group_0,auc_group_1,tpr_group_0,tpr_group_1,tnr_group_0,tnr_group_1,balanced_acc_group_0,balanced_acc_group_1
age,0.8574317492416582,0.6050420168067226,0.8919540229885058,0.43373493975903615,0.9428918590522479,0.5052631578947369,0.8651568607357742,0.888558692421991,0.7911392405063291,0.1025260029717682,0.3069620253164557,0.6804853387259858,0.3195146612740142,0.8704050292734428,0.8155627736195453,0.2463768115942029,0.5670103092783505,0.9619205298013245,0.8904109589041096,0.6041486706977637,0.72871063409123
sex,0.8574317492416582,0.6050420168067226,0.8919540229885058,0.43373493975903615,0.9428918590522479,0.5052631578947369,0.8651568607357742,0.8355640535372849,0.8819742489270386,0.1988527724665392,0.13304721030042918,0.5288169868554095,0.4711830131445905,0.8515237745548009,0.8789524113701693,0.5096153846153846,0.3064516129032258,0.9164677804295943,0.9702970297029703,0.7130415825224894,0.638374321303098
