subgroup,accuracy,PPV,NPV,TPR,TNR,f1,auroc,accuracy_group_0,accuracy_group_1,disease_prevalence_group_0,disease_prevalence_group_1,prevalence_group_0,prevalence_group_1,auc_group_0,auc_group_1,tpr_group_0,tpr_group_1,tnr_group_0,tnr_group_1,balanced_acc_group_0,balanced_acc_group_1
age,0.865520728008089,0.6486486486486487,0.8929384965831435,0.43373493975903615,0.9526123936816525,0.51985559566787,0.8825923377592996,0.8915304606240714,0.810126582278481,0.1025260029717682,0.3069620253164557,0.6804853387259858,0.3195146612740142,0.8762357231980037,0.8540695758602834,0.2608695652173913,0.5567010309278351,0.9635761589403974,0.9223744292237442,0.6122228620788943,0.7395377300757897
sex,0.865520728008089,0.6486486486486487,0.8929384965831435,0.43373493975903615,0.9526123936816525,0.51985559566787,0.8825923377592996,0.8393881453154876,0.8948497854077253,0.1988527724665392,0.13304721030042918,0.5288169868554095,0.4711830131445905,0.8761474205984946,0.885380070265091,0.47115384615384615,0.3709677419354839,0.9307875894988067,0.9752475247524752,0.7009707178263265,0.6731076333439796
