subgroup,accuracy,PPV,NPV,TPR,TNR,f1,auroc,accuracy_group_0,accuracy_group_1,disease_prevalence_group_0,disease_prevalence_group_1,prevalence_group_0,prevalence_group_1,auc_group_0,auc_group_1,tpr_group_0,tpr_group_1,tnr_group_0,tnr_group_1,balanced_acc_group_0,balanced_acc_group_1
age,0.8483033932135728,0.460431654676259,0.9107763615295481,0.45390070921985815,0.9128919860627178,0.4571428571428572,0.863411339280566,0.8907330567081605,0.7383512544802867,0.09681881051175657,0.25448028673835127,0.7215568862275449,0.27844311377245506,0.8934368847079414,0.764829360780065,0.37142857142857144,0.5352112676056338,0.9464012251148545,0.8076923076923077,0.658914898271713,0.6714517876489707
sex,0.8483033932135728,0.460431654676259,0.9107763615295481,0.45390070921985815,0.9128919860627178,0.4571428571428572,0.863411339280566,0.8379373848987108,0.8605664488017429,0.14548802946593,0.13507625272331156,0.5419161676646707,0.45808383233532934,0.8615233522479266,0.864142358007638,0.4936708860759494,0.4032258064516129,0.896551724137931,0.9319899244332494,0.6951113051069402,0.6676078654424311
