subgroup,accuracy,PPV,NPV,TPR,TNR,f1,auroc,accuracy_group_0,accuracy_group_1,disease_prevalence_group_0,disease_prevalence_group_1,prevalence_group_0,prevalence_group_1,auc_group_0,auc_group_1,tpr_group_0,tpr_group_1,tnr_group_0,tnr_group_1,balanced_acc_group_0,balanced_acc_group_1
age,0.8532934131736527,0.47580645161290325,0.9066059225512528,0.41843971631205673,0.924506387921022,0.4452830188679245,0.8634195764450046,0.8948824343015215,0.7455197132616488,0.09681881051175657,0.25448028673835127,0.7215568862275449,0.27844311377245506,0.901575147670094,0.7564328277356447,0.38571428571428573,0.4507042253521127,0.9494640122511485,0.8461538461538461,0.6675891489827172,0.6484290357529794
sex,0.8532934131736527,0.47580645161290325,0.9066059225512528,0.41843971631205673,0.924506387921022,0.4452830188679245,0.8634195764450046,0.8471454880294659,0.8605664488017429,0.14548802946593,0.13507625272331156,0.5419161676646707,0.45808383233532934,0.864469663902226,0.8619891118875436,0.45569620253164556,0.3709677419354839,0.9137931034482759,0.9370277078085643,0.6847446529899608,0.6539977248720241
