subgroup,accuracy,PPV,NPV,TPR,TNR,f1,auroc,accuracy_group_0,accuracy_group_1,disease_prevalence_group_0,disease_prevalence_group_1,prevalence_group_0,prevalence_group_1,auc_group_0,auc_group_1,tpr_group_0,tpr_group_1,tnr_group_0,tnr_group_1,balanced_acc_group_0,balanced_acc_group_1
age,0.8612774451097804,0.5104166666666666,0.8984547461368654,0.3475177304964539,0.9454123112659698,0.41350210970464135,0.8578842019423233,0.8921161825726142,0.7813620071684588,0.09681881051175657,0.25448028673835127,0.7215568862275449,0.27844311377245506,0.8930212207394443,0.7583288190682557,0.24285714285714285,0.4507042253521127,0.9617151607963247,0.8942307692307693,0.6022861518267337,0.672467497291441
sex,0.8612774451097804,0.5104166666666666,0.8984547461368654,0.3475177304964539,0.9454123112659698,0.41350210970464135,0.8578842019423233,0.852670349907919,0.8714596949891068,0.14548802946593,0.13507625272331156,0.5419161676646707,0.45808383233532934,0.8582769532955041,0.85670756480052,0.3924050632911392,0.2903225806451613,0.9310344827586207,0.9622166246851386,0.6617197730248799,0.62626960266515
