subgroup,accuracy,PPV,NPV,TPR,TNR,f1,auroc,accuracy_group_0,accuracy_group_1,disease_prevalence_group_0,disease_prevalence_group_1,prevalence_group_0,prevalence_group_1,auc_group_0,auc_group_1,tpr_group_0,tpr_group_1,tnr_group_0,tnr_group_1,balanced_acc_group_0,balanced_acc_group_1
age,0.8283433133732535,0.4012738853503185,0.9076923076923077,0.44680851063829785,0.8908246225319396,0.4228187919463087,0.8095732325104407,0.8699861687413555,0.7204301075268817,0.09681881051175657,0.25448028673835127,0.7215568862275449,0.27844311377245506,0.8541238241085102,0.6747697724810401,0.37142857142857144,0.5211267605633803,0.9234303215926493,0.7884615384615384,0.6474294465106103,0.6547941495124594
sex,0.8283433133732535,0.4012738853503185,0.9076923076923077,0.44680851063829785,0.8908246225319396,0.4228187919463087,0.8095732325104407,0.7974217311233885,0.8649237472766884,0.14548802946593,0.13507625272331156,0.5419161676646707,0.45808383233532934,0.7784810126582278,0.8449256520679288,0.4430379746835443,0.45161290322580644,0.8577586206896551,0.929471032745592,0.6503982976865997,0.6905419679856992
