subgroup,accuracy,PPV,NPV,TPR,TNR,f1,auroc,accuracy_group_0,accuracy_group_1,disease_prevalence_group_0,disease_prevalence_group_1,prevalence_group_0,prevalence_group_1,auc_group_0,auc_group_1,tpr_group_0,tpr_group_1,tnr_group_0,tnr_group_1,balanced_acc_group_0,balanced_acc_group_1
age,0.8311425682507584,0.49056603773584906,0.8504273504273504,0.1566265060240964,0.9671931956257594,0.2374429223744292,0.8197236088948748,0.888558692421991,0.7088607594936709,0.1025260029717682,0.3069620253164557,0.6804853387259858,0.3195146612740142,0.8132018427872156,0.7867062091041755,0.11594202898550725,0.18556701030927836,0.9768211920529801,0.9406392694063926,0.5463816105192437,0.5631031398578354
sex,0.8311425682507584,0.49056603773584906,0.8504273504273504,0.1566265060240964,0.9671931956257594,0.2374429223744292,0.8197236088948748,0.8030592734225621,0.8626609442060086,0.1988527724665392,0.13304721030042918,0.5288169868554095,0.4711830131445905,0.8102166330089958,0.8261737464068988,0.20192307692307693,0.08064516129032258,0.9522673031026253,0.9826732673267327,0.5770951900128511,0.5316592143085276
