subgroup,accuracy,PPV,NPV,TPR,TNR,f1,auroc,accuracy_group_0,accuracy_group_1,disease_prevalence_group_0,disease_prevalence_group_1,prevalence_group_0,prevalence_group_1,auc_group_0,auc_group_1,tpr_group_0,tpr_group_1,tnr_group_0,tnr_group_1,balanced_acc_group_0,balanced_acc_group_1
age,0.8602794411177644,0.5070422535211268,0.8872180451127819,0.2553191489361702,0.959349593495935,0.33962264150943394,0.8208993336133968,0.9004149377593361,0.7562724014336918,0.09681881051175657,0.25448028673835127,0.7215568862275449,0.27844311377245506,0.8403631590461607,0.7332069339111593,0.22857142857142856,0.28169014084507044,0.9724349157733537,0.9182692307692307,0.6005031721723911,0.5999796858071506
sex,0.8602794411177644,0.5070422535211268,0.8872180451127819,0.2553191489361702,0.959349593495935,0.33962264150943394,0.8208993336133968,0.8379373848987108,0.8867102396514162,0.14548802946593,0.13507625272331156,0.5419161676646707,0.45808383233532934,0.797441073766914,0.8440318517916633,0.20253164556962025,0.3225806451612903,0.9461206896551724,0.9748110831234257,0.5743261676123963,0.648695864142358
