subgroup,accuracy,PPV,NPV,TPR,TNR,f1,auroc,accuracy_group_0,accuracy_group_1,disease_prevalence_group_0,disease_prevalence_group_1,prevalence_group_0,prevalence_group_1,auc_group_0,auc_group_1,tpr_group_0,tpr_group_1,tnr_group_0,tnr_group_1,balanced_acc_group_0,balanced_acc_group_1
age,0.8281092012133469,0.4846153846153846,0.880093131548312,0.3795180722891566,0.9185905224787363,0.42567567567567566,0.8300663162979989,0.8677563150074294,0.7436708860759493,0.1025260029717682,0.3069620253164557,0.6804853387259858,0.3195146612740142,0.8221038487378827,0.7888716283010875,0.2608695652173913,0.4639175257731959,0.9370860927152318,0.867579908675799,0.5989778289663116,0.6657487172244975
sex,0.8281092012133469,0.4846153846153846,0.880093131548312,0.3795180722891566,0.9185905224787363,0.42567567567567566,0.8300663162979989,0.7934990439770554,0.8669527896995708,0.1988527724665392,0.13304721030042918,0.5288169868554095,0.4711830131445905,0.8164586010648064,0.8388294474608751,0.41346153846153844,0.3225806451612903,0.8878281622911695,0.9504950495049505,0.650644850376354,0.6365378473331204
