subgroup,accuracy,PPV,NPV,TPR,TNR,f1,auroc,accuracy_group_0,accuracy_group_1,disease_prevalence_group_0,disease_prevalence_group_1,prevalence_group_0,prevalence_group_1,auc_group_0,auc_group_1,tpr_group_0,tpr_group_1,tnr_group_0,tnr_group_1,balanced_acc_group_0,balanced_acc_group_1
age,0.8574317492416582,0.6033057851239669,0.8928571428571429,0.4397590361445783,0.9416767922235723,0.5087108013937283,0.8785591942496596,0.8870728083209509,0.7943037974683544,0.1025260029717682,0.3069620253164557,0.6804853387259858,0.3195146612740142,0.8712208465303772,0.8495033658146213,0.2753623188405797,0.5567010309278351,0.956953642384106,0.8995433789954338,0.6161579806123428,0.7281222049616345
sex,0.8574317492416582,0.6033057851239669,0.8928571428571429,0.4397590361445783,0.9416767922235723,0.5087108013937283,0.8785591942496596,0.8336520076481836,0.8841201716738197,0.1988527724665392,0.13304721030042918,0.5288169868554095,0.4711830131445905,0.8683220121167615,0.8875758543596295,0.49038461538461536,0.3548387096774194,0.918854415274463,0.9653465346534653,0.7046195153295391,0.6600926221654424
