subgroup,accuracy,PPV,NPV,TPR,TNR,f1,auroc,accuracy_group_0,accuracy_group_1,disease_prevalence_group_0,disease_prevalence_group_1,prevalence_group_0,prevalence_group_1,auc_group_0,auc_group_1,tpr_group_0,tpr_group_1,tnr_group_0,tnr_group_1,balanced_acc_group_0,balanced_acc_group_1
age,0.8604651162790697,0.6129032258064516,0.8959537572254336,0.4578313253012048,0.9416767922235723,0.5241379310344827,0.8824971819233189,0.8855869242199108,0.8069620253164557,0.1025260029717682,0.3069620253164557,0.6804853387259858,0.3195146612740142,0.878659180343603,0.8540695758602834,0.2898550724637681,0.5773195876288659,0.9536423841059603,0.908675799086758,0.6217487282848642,0.742997693357812
sex,0.8604651162790697,0.6129032258064516,0.8959537572254336,0.4578313253012048,0.9416767922235723,0.5241379310344827,0.8824971819233189,0.8393881453154876,0.8841201716738197,0.1988527724665392,0.13304721030042918,0.5288169868554095,0.4711830131445905,0.873095281806499,0.892206962631747,0.5096153846153846,0.3709677419354839,0.9212410501193318,0.9628712871287128,0.7154282173673582,0.6669195145320983
