subgroup,accuracy,PPV,NPV,TPR,TNR,f1,auroc,accuracy_group_0,accuracy_group_1,disease_prevalence_group_0,disease_prevalence_group_1,prevalence_group_0,prevalence_group_1,auc_group_0,auc_group_1,tpr_group_0,tpr_group_1,tnr_group_0,tnr_group_1,balanced_acc_group_0,balanced_acc_group_1
age,0.8572854291417166,0.49193548387096775,0.908883826879271,0.4326241134751773,0.926829268292683,0.46037735849056605,0.8562450062190592,0.8934993084370678,0.7634408602150538,0.09681881051175657,0.25448028673835127,0.7215568862275449,0.27844311377245506,0.891271056661562,0.7569745395449621,0.32857142857142857,0.5352112676056338,0.9540581929555896,0.8413461538461539,0.641314810763509,0.6882787107258939
sex,0.8572854291417166,0.49193548387096775,0.908883826879271,0.4326241134751773,0.926829268292683,0.46037735849056605,0.8562450062190592,0.8471454880294659,0.869281045751634,0.14548802946593,0.13507625272331156,0.5419161676646707,0.45808383233532934,0.855712570929725,0.8539855366864386,0.4810126582278481,0.3709677419354839,0.9094827586206896,0.947103274559194,0.6952477084242689,0.6590355082473389
