subgroup,accuracy,PPV,NPV,TPR,TNR,f1,auroc,accuracy_group_0,accuracy_group_1,disease_prevalence_group_0,disease_prevalence_group_1,prevalence_group_0,prevalence_group_1,auc_group_0,auc_group_1,tpr_group_0,tpr_group_1,tnr_group_0,tnr_group_1,balanced_acc_group_0,balanced_acc_group_1
age,0.8361981799797775,0.5166666666666667,0.8803222094361335,0.37349397590361444,0.9295261239368166,0.43356643356643354,0.8503345093618703,0.8781575037147102,0.7468354430379747,0.1025260029717682,0.3069620253164557,0.6804853387259858,0.3195146612740142,0.8412275650254344,0.8160805912535893,0.2753623188405797,0.44329896907216493,0.9470198675496688,0.8812785388127854,0.6111910931951243,0.6622887539424751
sex,0.8361981799797775,0.5166666666666667,0.8803222094361335,0.37349397590361444,0.9295261239368166,0.43356643356643354,0.8503345093618703,0.8068833652007649,0.869098712446352,0.1988527724665392,0.13304721030042918,0.5288169868554095,0.4711830131445905,0.836217183770883,0.8641009262216544,0.4326923076923077,0.27419354838709675,0.8997613365155132,0.9603960396039604,0.6662268221039105,0.6172947939955286
