subgroup,accuracy,PPV,NPV,TPR,TNR,f1,auroc,accuracy_group_0,accuracy_group_1,disease_prevalence_group_0,disease_prevalence_group_1,prevalence_group_0,prevalence_group_1,auc_group_0,auc_group_1,tpr_group_0,tpr_group_1,tnr_group_0,tnr_group_1,balanced_acc_group_0,balanced_acc_group_1
age,0.8363273453093812,0.41353383458646614,0.9010356731875719,0.3900709219858156,0.9094076655052264,0.40145985401459855,0.8222749400746288,0.8824343015214384,0.7168458781362007,0.09681881051175657,0.25448028673835127,0.7215568862275449,0.27844311377245506,0.8532706191205426,0.7121478873239437,0.3142857142857143,0.4647887323943662,0.9433384379785605,0.8028846153846154,0.6288120761321374,0.6338366738894908
sex,0.8363273453093812,0.41353383458646614,0.9010356731875719,0.3900709219858156,0.9094076655052264,0.40145985401459855,0.8222749400746288,0.8139963167587477,0.8627450980392157,0.14548802946593,0.13507625272331156,0.5419161676646707,0.45808383233532934,0.80507965953732,0.8400097505484683,0.379746835443038,0.4032258064516129,0.8879310344827587,0.9345088161209067,0.6338389349628983,0.6688673112862598
