subgroup,accuracy,PPV,NPV,TPR,TNR,f1,auroc,accuracy_group_0,accuracy_group_1,disease_prevalence_group_0,disease_prevalence_group_1,prevalence_group_0,prevalence_group_1,auc_group_0,auc_group_1,tpr_group_0,tpr_group_1,tnr_group_0,tnr_group_1,balanced_acc_group_0,balanced_acc_group_1
age,0.8614762386248737,0.6494845360824743,0.8845291479820628,0.3795180722891566,0.9586877278250304,0.47908745247148293,0.8721325154811226,0.8959881129271917,0.7879746835443038,0.1025260029717682,0.3069620253164557,0.6804853387259858,0.3195146612740142,0.8631826470870525,0.8415478039824884,0.21739130434782608,0.4948453608247423,0.9735099337748344,0.9178082191780822,0.5954506190613302,0.7063267900014123
sex,0.8614762386248737,0.6494845360824743,0.8845291479820628,0.3795180722891566,0.9586877278250304,0.47908745247148293,0.8721325154811226,0.8413001912045889,0.8841201716738197,0.1988527724665392,0.13304721030042918,0.5288169868554095,0.4711830131445905,0.8665320359831099,0.8753593101245609,0.46153846153846156,0.24193548387096775,0.9355608591885441,0.9826732673267327,0.6985496603635029,0.6123043755988502
