subgroup,accuracy,PPV,NPV,TPR,TNR,f1,auroc,accuracy_group_0,accuracy_group_1,disease_prevalence_group_0,disease_prevalence_group_1,prevalence_group_0,prevalence_group_1,auc_group_0,auc_group_1,tpr_group_0,tpr_group_1,tnr_group_0,tnr_group_1,balanced_acc_group_0,balanced_acc_group_1
age,0.8572854291417166,0.49038461538461536,0.8997772828507795,0.3617021276595745,0.9384436701509872,0.4163265306122449,0.8627029431388539,0.8990318118948825,0.7491039426523297,0.09681881051175657,0.25448028673835127,0.7215568862275449,0.27844311377245506,0.9021439509954059,0.7506771397616467,0.3,0.4225352112676056,0.9632465543644717,0.8605769230769231,0.6316232771822359,0.6415560671722644
sex,0.8572854291417166,0.49038461538461536,0.8997772828507795,0.3617021276595745,0.9384436701509872,0.4163265306122449,0.8627029431388539,0.8453038674033149,0.8714596949891068,0.14548802946593,0.13507625272331156,0.5419161676646707,0.45808383233532934,0.8541030117852466,0.8719021694970341,0.4177215189873418,0.2903225806451613,0.9181034482758621,0.9622166246851386,0.6679124836316019,0.62626960266515
