subgroup,accuracy,PPV,NPV,TPR,TNR,f1,auroc,accuracy_group_0,accuracy_group_1,disease_prevalence_group_0,disease_prevalence_group_1,prevalence_group_0,prevalence_group_1,auc_group_0,auc_group_1,tpr_group_0,tpr_group_1,tnr_group_0,tnr_group_1,balanced_acc_group_0,balanced_acc_group_1
age,0.8321536905965622,0.5,0.8678611422172452,0.2891566265060241,0.9416767922235723,0.36641221374045796,0.8158661376978142,0.8766716196136701,0.7373417721518988,0.1025260029717682,0.3069620253164557,0.6804853387259858,0.3195146612740142,0.8009645839331989,0.7830814856658664,0.21739130434782608,0.3402061855670103,0.9519867549668874,0.91324200913242,0.5846890296573568,0.6267240973497152
sex,0.8321536905965622,0.5,0.8678611422172452,0.2891566265060241,0.9416767922235723,0.36641221374045796,0.8158661376978142,0.8087954110898662,0.8583690987124464,0.1988527724665392,0.13304721030042918,0.5288169868554095,0.4711830131445905,0.8016798237561961,0.823019801980198,0.34615384615384615,0.1935483870967742,0.9236276849642004,0.9603960396039604,0.6348907655590232,0.5769722133503673
