subgroup,accuracy,PPV,NPV,TPR,TNR,f1,auroc,accuracy_group_0,accuracy_group_1,disease_prevalence_group_0,disease_prevalence_group_1,prevalence_group_0,prevalence_group_1,auc_group_0,auc_group_1,tpr_group_0,tpr_group_1,tnr_group_0,tnr_group_1,balanced_acc_group_0,balanced_acc_group_1
age,0.8634984833164813,0.6220472440944882,0.8990719257540604,0.4759036144578313,0.9416767922235723,0.5392491467576792,0.8764511264987044,0.8945022288261516,0.7974683544303798,0.1025260029717682,0.3069620253164557,0.6804853387259858,0.3195146612740142,0.8794749976005376,0.8339688367932967,0.34782608695652173,0.5670103092783505,0.956953642384106,0.8995433789954338,0.6523898646703139,0.7332768441368922
sex,0.8634984833164813,0.6220472440944882,0.8990719257540604,0.4759036144578313,0.9416767922235723,0.5392491467576792,0.8764511264987044,0.8489483747609943,0.8798283261802575,0.1988527724665392,0.13304721030042918,0.5288169868554095,0.4711830131445905,0.8687121351202497,0.8831443628233792,0.5384615384615384,0.3709677419354839,0.9260143198090692,0.9579207920792079,0.7322379291353038,0.6644442670073458
