pca_mode,label similarity,sex similarity,age similarity,race similarity
PCA Mode 1,0.5096415715063077,0.07298783478051042,0.16592739809712478,0.05275654021515826
PCA Mode 2,0.34014113935166257,0.15462008441130162,0.19685869914276505,0.11560352273867174
PCA Mode 3,0.25855214053046405,0.13331222664369075,0.11470853630661991,0.09987608591714758
PCA Mode 4,0.31558972579623373,0.07941315409553344,0.123842138005802,0.11056201403745904
