subgroup,accuracy,PPV,NPV,TPR,TNR,f1,auroc,accuracy_group_0,accuracy_group_1,disease_prevalence_group_0,disease_prevalence_group_1,prevalence_group_0,prevalence_group_1,auc_group_0,auc_group_1,tpr_group_0,tpr_group_1,tnr_group_0,tnr_group_1,balanced_acc_group_0,balanced_acc_group_1
age,0.8562874251497006,0.4827586206896552,0.8918032786885246,0.2978723404255319,0.9477351916376306,0.3684210526315789,0.860141184998476,0.8990318118948825,0.7455197132616488,0.09681881051175657,0.25448028673835127,0.7215568862275449,0.27844311377245506,0.8935243929118355,0.7567036836403034,0.21428571428571427,0.38028169014084506,0.9724349157733537,0.8701923076923077,0.593360315029534,0.6252369989165764
sex,0.8562874251497006,0.4827586206896552,0.8918032786885246,0.2978723404255319,0.9477351916376306,0.3684210526315789,0.860141184998476,0.8416206261510129,0.8736383442265795,0.14548802946593,0.13507625272331156,0.5419161676646707,0.45808383233532934,0.8658882584024444,0.8509791175753636,0.31645569620253167,0.27419354838709675,0.9310344827586207,0.9672544080604534,0.6237450894805762,0.620723978223775
