subgroup,accuracy,PPV,NPV,TPR,TNR,f1,auroc,accuracy_group_0,accuracy_group_1,disease_prevalence_group_0,disease_prevalence_group_1,prevalence_group_0,prevalence_group_1,auc_group_0,auc_group_1,tpr_group_0,tpr_group_1,tnr_group_0,tnr_group_1,balanced_acc_group_0,balanced_acc_group_1
age,0.8523761375126391,0.6388888888888888,0.8691384950926936,0.27710843373493976,0.968408262454435,0.38655462184873945,0.8722642697155573,0.8945022288261516,0.7626582278481012,0.1025260029717682,0.3069620253164557,0.6804853387259858,0.3195146612740142,0.8740762069296478,0.8257308289789578,0.13043478260869565,0.38144329896907214,0.9817880794701986,0.9315068493150684,0.5561114310394472,0.6564750741420703
sex,0.8523761375126391,0.6388888888888888,0.8691384950926936,0.27710843373493976,0.968408262454435,0.38655462184873945,0.8722642697155573,0.8260038240917782,0.8819742489270386,0.1988527724665392,0.13304721030042918,0.5288169868554095,0.4711830131445905,0.8585918854415274,0.8831842861705526,0.3269230769230769,0.1935483870967742,0.9498806682577565,0.9876237623762376,0.6384018725904167,0.5905860747365059
