subgroup,accuracy,PPV,NPV,TPR,TNR,f1,auroc,accuracy_group_0,accuracy_group_1,disease_prevalence_group_0,disease_prevalence_group_1,prevalence_group_0,prevalence_group_1,auc_group_0,auc_group_1,tpr_group_0,tpr_group_1,tnr_group_0,tnr_group_1,balanced_acc_group_0,balanced_acc_group_1
age,0.8812375249500998,0.627906976744186,0.9050218340611353,0.3829787234042553,0.9628339140534262,0.47577092511013214,0.8847044093541239,0.9128630705394191,0.7992831541218638,0.09681881051175657,0.25448028673835127,0.7215568862275449,0.27844311377245506,0.9086633121855173,0.7965872156013001,0.34285714285714286,0.4225352112676056,0.9739663093415007,0.9278846153846154,0.6584117260993219,0.6752099133261105
sex,0.8812375249500998,0.627906976744186,0.9050218340611353,0.3829787234042553,0.9628339140534262,0.47577092511013214,0.8847044093541239,0.8729281767955801,0.8910675381263616,0.14548802946593,0.13507625272331156,0.5419161676646707,0.45808383233532934,0.8622872108249672,0.9128544730641098,0.43037974683544306,0.3225806451612903,0.9482758620689655,0.9798488664987406,0.6893278044522043,0.6512147558300154
