subgroup,accuracy,PPV,NPV,TPR,TNR,f1,auroc,accuracy_group_0,accuracy_group_1,disease_prevalence_group_0,disease_prevalence_group_1,prevalence_group_0,prevalence_group_1,auc_group_0,auc_group_1,tpr_group_0,tpr_group_1,tnr_group_0,tnr_group_1,balanced_acc_group_0,balanced_acc_group_1
age,0.8645096056622852,0.7352941176470589,0.8740499457111836,0.30120481927710846,0.9781287970838396,0.4273504273504274,0.9067326413796133,0.9019316493313522,0.7848101265822784,0.1025260029717682,0.3069620253164557,0.6804853387259858,0.3195146612740142,0.9100441501103753,0.8703102198371229,0.17391304347826086,0.3917525773195876,0.9850993377483444,0.958904109589041,0.5795061906133026,0.6753283434543144
sex,0.8645096056622852,0.7352941176470589,0.8740499457111836,0.30120481927710846,0.9781287970838396,0.4273504273504274,0.9067326413796133,0.8527724665391969,0.8776824034334764,0.1988527724665392,0.13304721030042918,0.5288169868554095,0.4711830131445905,0.9187626216265834,0.8833439795592463,0.375,0.1774193548387097,0.9713603818615751,0.9851485148514851,0.6731801909307875,0.5812839348450974
