subgroup,accuracy,PPV,NPV,TPR,TNR,f1,auroc,accuracy_group_0,accuracy_group_1,disease_prevalence_group_0,disease_prevalence_group_1,prevalence_group_0,prevalence_group_1,auc_group_0,auc_group_1,tpr_group_0,tpr_group_1,tnr_group_0,tnr_group_1,balanced_acc_group_0,balanced_acc_group_1
age,0.8502994011976048,0.4608695652173913,0.9007891770011274,0.375886524822695,0.9279907084785134,0.4140625,0.8446058928674393,0.8852005532503457,0.7598566308243727,0.09681881051175657,0.25448028673835127,0.7215568862275449,0.27844311377245506,0.8776197768540801,0.7518282773564464,0.32857142857142857,0.4225352112676056,0.9448698315467075,0.875,0.636720630059068,0.6487676056338028
sex,0.8502994011976048,0.4608695652173913,0.9007891770011274,0.375886524822695,0.9279907084785134,0.4140625,0.8446058928674393,0.8416206261510129,0.8605664488017429,0.14548802946593,0.13507625272331156,0.5419161676646707,0.45808383233532934,0.8452640768223483,0.8438287153652393,0.4050632911392405,0.3387096774193548,0.915948275862069,0.9420654911838791,0.6605057835006547,0.6403875843016169
