subgroup,accuracy,PPV,NPV,TPR,TNR,f1,auroc,accuracy_group_0,accuracy_group_1,disease_prevalence_group_0,disease_prevalence_group_1,prevalence_group_0,prevalence_group_1,auc_group_0,auc_group_1,tpr_group_0,tpr_group_1,tnr_group_0,tnr_group_1,balanced_acc_group_0,balanced_acc_group_1
age,0.8473205257836198,0.5728155339805825,0.8792325056433409,0.35542168674698793,0.9465370595382746,0.4386617100371747,0.8617166112810903,0.8900445765230312,0.7563291139240507,0.1025260029717682,0.3069620253164557,0.6804853387259858,0.3195146612740142,0.847106248200403,0.8313797486230757,0.2753623188405797,0.41237113402061853,0.9602649006622517,0.908675799086758,0.6178136097514157,0.6605234665536883
sex,0.8473205257836198,0.5728155339805825,0.8792325056433409,0.35542168674698793,0.9465370595382746,0.4386617100371747,0.8617166112810903,0.8317399617590823,0.8648068669527897,0.1988527724665392,0.13304721030042918,0.5288169868554095,0.4711830131445905,0.856985496603635,0.8604279782816991,0.41346153846153844,0.25806451612903225,0.9355608591885441,0.9579207920792079,0.6745111988250413,0.6079926541041201
