subgroup,accuracy,PPV,NPV,TPR,TNR,f1,auroc,accuracy_group_0,accuracy_group_1,disease_prevalence_group_0,disease_prevalence_group_1,prevalence_group_0,prevalence_group_1,auc_group_0,auc_group_1,tpr_group_0,tpr_group_1,tnr_group_0,tnr_group_1,balanced_acc_group_0,balanced_acc_group_1
age,0.8712574850299402,0.5625,0.9039735099337748,0.3829787234042553,0.9512195121951219,0.45569620253164556,0.8775216019637401,0.9017980636237898,0.7921146953405018,0.09681881051175657,0.25448028673835127,0.7215568862275449,0.27844311377245506,0.9003062787136294,0.7911700975081257,0.2571428571428571,0.5070422535211268,0.9709035222052067,0.8894230769230769,0.6140231896740319,0.6982326652221018
sex,0.8712574850299402,0.5625,0.9039735099337748,0.3829787234042553,0.9512195121951219,0.45569620253164556,0.8775216019637401,0.858195211786372,0.8867102396514162,0.14548802946593,0.13507625272331156,0.5419161676646707,0.45808383233532934,0.8619325621999128,0.8969692045177542,0.43037974683544306,0.3225806451612903,0.9310344827586207,0.9748110831234257,0.6807071147970318,0.648695864142358
