subgroup,accuracy,PPV,NPV,TPR,TNR,f1,auroc,accuracy_group_0,accuracy_group_1,disease_prevalence_group_0,disease_prevalence_group_1,prevalence_group_0,prevalence_group_1,auc_group_0,auc_group_1,tpr_group_0,tpr_group_1,tnr_group_0,tnr_group_1,balanced_acc_group_0,balanced_acc_group_1
age,0.8695652173913043,0.7846153846153846,0.8755411255411255,0.3072289156626506,0.982989064398542,0.4415584415584416,0.8966534424453586,0.9138187221396731,0.7753164556962026,0.1025260029717682,0.3069620253164557,0.6804853387259858,0.3195146612740142,0.9059170745752951,0.8411712093395471,0.17391304347826086,0.4020618556701031,0.9983443708609272,0.9406392694063926,0.586128707169594,0.6713505625382479
sex,0.8695652173913043,0.7846153846153846,0.8755411255411255,0.3072289156626506,0.982989064398542,0.4415584415584416,0.8966534424453586,0.8489483747609943,0.8927038626609443,0.1988527724665392,0.13304721030042918,0.5288169868554095,0.4711830131445905,0.9087341655957408,0.8668955605237944,0.3557692307692308,0.22580645161290322,0.9713603818615751,0.995049504950495,0.6635648063154029,0.6104279782816991
