subgroup,accuracy,PPV,NPV,TPR,TNR,f1,auroc,accuracy_group_0,accuracy_group_1,disease_prevalence_group_0,disease_prevalence_group_1,prevalence_group_0,prevalence_group_1,auc_group_0,auc_group_1,tpr_group_0,tpr_group_1,tnr_group_0,tnr_group_1,balanced_acc_group_0,balanced_acc_group_1
age,0.897876643073812,0.7407407407407407,0.9227166276346604,0.6024096385542169,0.9574726609963548,0.6644518272425248,0.9118417778038033,0.924219910846954,0.8417721518987342,0.1025260029717682,0.3069620253164557,0.6804853387259858,0.3195146612740142,0.9196659948171609,0.8772772207315351,0.463768115942029,0.7010309278350515,0.9768211920529801,0.9041095890410958,0.7202946539975046,0.8025702584380736
sex,0.897876643073812,0.7407407407407407,0.9227166276346604,0.6024096385542169,0.9574726609963548,0.6644518272425248,0.9118417778038033,0.8814531548757171,0.9163090128755365,0.1988527724665392,0.13304721030042918,0.5288169868554095,0.4711830131445905,0.9253488158619423,0.8861386138613861,0.6442307692307693,0.532258064516129,0.9403341288782816,0.9752475247524752,0.7922824490545255,0.7537527946343021
