subgroup,accuracy,PPV,NPV,TPR,TNR,f1,auroc,accuracy_group_0,accuracy_group_1,disease_prevalence_group_0,disease_prevalence_group_1,prevalence_group_0,prevalence_group_1,auc_group_0,auc_group_1,tpr_group_0,tpr_group_1,tnr_group_0,tnr_group_1,balanced_acc_group_0,balanced_acc_group_1
age,0.8243512974051896,0.42290748898678415,0.9419354838709677,0.6808510638297872,0.8478513356562137,0.5217391304347826,0.8731888534690818,0.8755186721991701,0.6917562724014337,0.09681881051175657,0.25448028673835127,0.7215568862275449,0.27844311377245506,0.910260336906585,0.7685536294691224,0.7142857142857143,0.647887323943662,0.892802450229709,0.7067307692307693,0.8035440822577117,0.6773090465872156
sex,0.8243512974051896,0.42290748898678415,0.9419354838709677,0.6808510638297872,0.8478513356562137,0.5217391304347826,0.8731888534690818,0.8084714548802947,0.8431372549019608,0.14548802946593,0.13507625272331156,0.5419161676646707,0.45808383233532934,0.872326494980358,0.8735678881937109,0.6962025316455697,0.6612903225806451,0.8275862068965517,0.871536523929471,0.7618943692710607,0.7664134232550581
