subgroup,accuracy,PPV,NPV,TPR,TNR,f1,auroc,accuracy_group_0,accuracy_group_1,disease_prevalence_group_0,disease_prevalence_group_1,prevalence_group_0,prevalence_group_1,auc_group_0,auc_group_1,tpr_group_0,tpr_group_1,tnr_group_0,tnr_group_1,balanced_acc_group_0,balanced_acc_group_1
age,0.8522954091816367,0.48186528497409326,0.9406674907292955,0.6595744680851063,0.883855981416957,0.5568862275449102,0.8908163853675011,0.9059474412171508,0.7132616487455197,0.09681881051175657,0.25448028673835127,0.7215568862275449,0.27844311377245506,0.9283526580616933,0.7757990249187432,0.6714285714285714,0.647887323943662,0.9310872894333844,0.7355769230769231,0.8012579304309779,0.6917321235102926
sex,0.8522954091816367,0.48186528497409326,0.9406674907292955,0.6595744680851063,0.883855981416957,0.5568862275449102,0.8908163853675011,0.8379373848987108,0.869281045751634,0.14548802946593,0.13507625272331156,0.5419161676646707,0.45808383233532934,0.8928142732431252,0.8873405379052572,0.6835443037974683,0.6290322580645161,0.8642241379310345,0.906801007556675,0.7738842208642513,0.7679166328105955
