subgroup,accuracy,PPV,NPV,TPR,TNR,f1,auroc,accuracy_group_0,accuracy_group_1,disease_prevalence_group_0,disease_prevalence_group_1,prevalence_group_0,prevalence_group_1,auc_group_0,auc_group_1,tpr_group_0,tpr_group_1,tnr_group_0,tnr_group_1,balanced_acc_group_0,balanced_acc_group_1
age,0.8213572854291418,0.42276422764227645,0.951058201058201,0.7375886524822695,0.835075493612079,0.5374677002583979,0.8841772308300591,0.8769017980636238,0.6774193548387096,0.09681881051175657,0.25448028673835127,0.7215568862275449,0.27844311377245506,0.9115510829140231,0.7841955579631636,0.7285714285714285,0.7464788732394366,0.892802450229709,0.6538461538461539,0.8106869394005688,0.7001625135427952
sex,0.8213572854291418,0.42276422764227645,0.951058201058201,0.7375886524822695,0.835075493612079,0.5374677002583979,0.8841772308300591,0.7918968692449355,0.8562091503267973,0.14548802946593,0.13507625272331156,0.5419161676646707,0.45808383233532934,0.8680707114797033,0.9026976517429105,0.7341772151898734,0.7419354838709677,0.8017241379310345,0.8740554156171285,0.767950676560454,0.8079954497440481
