subgroup,accuracy,PPV,NPV,TPR,TNR,f1,auroc,accuracy_group_0,accuracy_group_1,disease_prevalence_group_0,disease_prevalence_group_1,prevalence_group_0,prevalence_group_1,auc_group_0,auc_group_1,tpr_group_0,tpr_group_1,tnr_group_0,tnr_group_1,balanced_acc_group_0,balanced_acc_group_1
age,0.8562874251497006,0.49122807017543857,0.9314079422382672,0.5957446808510638,0.8989547038327527,0.5384615384615384,0.8885511651469098,0.8976486860304288,0.7491039426523297,0.09681881051175657,0.25448028673835127,0.7215568862275449,0.27844311377245506,0.9029534018814265,0.8218445287107259,0.4857142857142857,0.704225352112676,0.9418070444104135,0.7644230769230769,0.7137606650623496,0.7343242145178764
sex,0.8562874251497006,0.49122807017543857,0.9314079422382672,0.5957446808510638,0.8989547038327527,0.5384615384615384,0.8885511651469098,0.8360957642725598,0.8801742919389978,0.14548802946593,0.13507625272331156,0.5419161676646707,0.45808383233532934,0.8802106067219554,0.8948159583976598,0.6075949367088608,0.5806451612903226,0.875,0.9269521410579346,0.7412974683544304,0.7537986511741286
