subgroup,accuracy,PPV,NPV,TPR,TNR,f1,auroc,accuracy_group_0,accuracy_group_1,disease_prevalence_group_0,disease_prevalence_group_1,prevalence_group_0,prevalence_group_1,auc_group_0,auc_group_1,tpr_group_0,tpr_group_1,tnr_group_0,tnr_group_1,balanced_acc_group_0,balanced_acc_group_1
age,0.8574317492416582,0.5550660792951542,0.94750656167979,0.7590361445783133,0.8772782503037667,0.6412213740458016,0.9119076549210207,0.8989598811292719,0.7689873417721519,0.1025260029717682,0.3069620253164557,0.6804853387259858,0.3195146612740142,0.9209856992033785,0.8707338888104317,0.6811594202898551,0.8144329896907216,0.9238410596026491,0.7488584474885844,0.8025002399462521,0.781645718589653
sex,0.8574317492416582,0.5550660792951542,0.94750656167979,0.7590361445783133,0.8772782503037667,0.6412213740458016,0.9119076549210207,0.8413001912045889,0.8755364806866953,0.1988527724665392,0.13304721030042918,0.5288169868554095,0.4711830131445905,0.915664586010648,0.9000319386777388,0.7788461538461539,0.7258064516129032,0.8568019093078759,0.8985148514851485,0.8178240315770149,0.8121606515490258
