subgroup,accuracy,PPV,NPV,TPR,TNR,f1,auroc,accuracy_group_0,accuracy_group_1,disease_prevalence_group_0,disease_prevalence_group_1,prevalence_group_0,prevalence_group_1,auc_group_0,auc_group_1,tpr_group_0,tpr_group_1,tnr_group_0,tnr_group_1,balanced_acc_group_0,balanced_acc_group_1
age,0.8786653185035389,0.625,0.9366459627329192,0.6927710843373494,0.9161603888213852,0.657142857142857,0.9245853401455153,0.9063893016344725,0.819620253164557,0.1025260029717682,0.3069620253164557,0.6804853387259858,0.3195146612740142,0.9290718878971111,0.8906463305559479,0.5797101449275363,0.7731958762886598,0.9437086092715232,0.8401826484018264,0.7617093770995298,0.8066892623452431
sex,0.8786653185035389,0.625,0.9366459627329192,0.6927710843373494,0.9161603888213852,0.657142857142857,0.9245853401455153,0.8661567877629063,0.8927038626609443,0.1988527724665392,0.13304721030042918,0.5288169868554095,0.4711830131445905,0.9344134385900495,0.9020680293835835,0.75,0.5967741935483871,0.8949880668257757,0.9381188118811881,0.8224940334128878,0.7674465027147876
