subgroup,accuracy,PPV,NPV,TPR,TNR,f1,auroc,accuracy_group_0,accuracy_group_1,disease_prevalence_group_0,disease_prevalence_group_1,prevalence_group_0,prevalence_group_1,auc_group_0,auc_group_1,tpr_group_0,tpr_group_1,tnr_group_0,tnr_group_1,balanced_acc_group_0,balanced_acc_group_1
age,0.8624873609706775,0.5681818181818182,0.9466840052015605,0.7530120481927711,0.8845686512758202,0.6476683937823834,0.9129250903980441,0.8945022288261516,0.7943037974683544,0.1025260029717682,0.3069620253164557,0.6804853387259858,0.3195146612740142,0.9073327574623284,0.8865979381443299,0.6956521739130435,0.7938144329896907,0.9172185430463576,0.7945205479452054,0.8064353584797006,0.7941674904674481
sex,0.8624873609706775,0.5681818181818182,0.9466840052015605,0.7530120481927711,0.8845686512758202,0.6476683937823834,0.9129250903980441,0.8413001912045889,0.8862660944206009,0.1988527724665392,0.13304721030042918,0.5288169868554095,0.4711830131445905,0.9080686616486139,0.9178776748642608,0.7788461538461539,0.7096774193548387,0.8568019093078759,0.9133663366336634,0.8178240315770149,0.811521877994251
