subgroup,accuracy,PPV,NPV,TPR,TNR,f1,auroc,accuracy_group_0,accuracy_group_1,disease_prevalence_group_0,disease_prevalence_group_1,prevalence_group_0,prevalence_group_1,auc_group_0,auc_group_1,tpr_group_0,tpr_group_1,tnr_group_0,tnr_group_1,balanced_acc_group_0,balanced_acc_group_1
age,0.8786653185035389,0.64375,0.9240048250904704,0.6204819277108434,0.9307411907654921,0.6319018404907977,0.9006499875565445,0.9078751857355126,0.8164556962025317,0.1025260029717682,0.3069620253164557,0.6804853387259858,0.3195146612740142,0.8951434878587197,0.8771830720707997,0.463768115942029,0.7319587628865979,0.9586092715231788,0.8538812785388128,0.7111886937326038,0.7929200207127054
sex,0.8786653185035389,0.64375,0.9240048250904704,0.6204819277108434,0.9307411907654921,0.6319018404907977,0.9006499875565445,0.8623326959847036,0.8969957081545065,0.1988527724665392,0.13304721030042918,0.5288169868554095,0.4711830131445905,0.9040067927299431,0.8921670392845736,0.6826923076923077,0.5161290322580645,0.9069212410501193,0.9554455445544554,0.7948067743712135,0.73578728840626
