subgroup,accuracy,PPV,NPV,TPR,TNR,f1,auroc,accuracy_group_0,accuracy_group_1,disease_prevalence_group_0,disease_prevalence_group_1,prevalence_group_0,prevalence_group_1,auc_group_0,auc_group_1,tpr_group_0,tpr_group_1,tnr_group_0,tnr_group_1,balanced_acc_group_0,balanced_acc_group_1
age,0.8928210313447927,0.7112676056338029,0.9232585596221959,0.608433734939759,0.9501822600243013,0.6558441558441558,0.9164897744074719,0.9286775631500743,0.8164556962025317,0.1025260029717682,0.3069620253164557,0.6804853387259858,0.3195146612740142,0.9278961512621172,0.8710163347926376,0.4782608695652174,0.7010309278350515,0.9801324503311258,0.867579908675799,0.7291966599481716,0.7843054182554252
sex,0.8928210313447927,0.7112676056338029,0.9232585596221959,0.608433734939759,0.9501822600243013,0.6558441558441558,0.9164897744074719,0.8738049713193117,0.9141630901287554,0.1988527724665392,0.13304721030042918,0.5288169868554095,0.4711830131445905,0.9101110703139342,0.9227882465665922,0.6634615384615384,0.5161290322580645,0.9260143198090692,0.9752475247524752,0.7947379291353038,0.7456882785052699
