subgroup,accuracy,PPV,NPV,TPR,TNR,f1,auroc,accuracy_group_0,accuracy_group_1,disease_prevalence_group_0,disease_prevalence_group_1,prevalence_group_0,prevalence_group_1,auc_group_0,auc_group_1,tpr_group_0,tpr_group_1,tnr_group_0,tnr_group_1,balanced_acc_group_0,balanced_acc_group_1
age,0.8363273453093812,0.4371584699453552,0.9255189255189256,0.5673758865248227,0.8803716608594657,0.4938271604938272,0.862497014027891,0.8948824343015215,0.6845878136200717,0.09681881051175657,0.25448028673835127,0.7215568862275449,0.27844311377245506,0.8865456136512798,0.7644230769230769,0.4857142857142857,0.647887323943662,0.9387442572741195,0.6971153846153846,0.7122292714942026,0.6725013542795233
sex,0.8363273453093812,0.4371584699453552,0.9255189255189256,0.5673758865248227,0.8803716608594657,0.4938271604938272,0.862497014027891,0.8195211786372008,0.8562091503267973,0.14548802946593,0.13507625272331156,0.5419161676646707,0.45808383233532934,0.8566946748144915,0.8710489965060536,0.569620253164557,0.5645161290322581,0.8620689655172413,0.9017632241813602,0.7158446093408992,0.7331396766068092
