subgroup,accuracy,PPV,NPV,TPR,TNR,f1,auroc,accuracy_group_0,accuracy_group_1,disease_prevalence_group_0,disease_prevalence_group_1,prevalence_group_0,prevalence_group_1,auc_group_0,auc_group_1,tpr_group_0,tpr_group_1,tnr_group_0,tnr_group_1,balanced_acc_group_0,balanced_acc_group_1
age,0.846307385229541,0.4682926829268293,0.9435382685069009,0.6808510638297872,0.8734030197444832,0.5549132947976878,0.897776789318045,0.9045643153526971,0.6953405017921147,0.09681881051175657,0.25448028673835127,0.7215568862275449,0.27844311377245506,0.9325749288995844,0.7831798483206934,0.7142857142857143,0.647887323943662,0.9249617151607963,0.7115384615384616,0.8196237147232552,0.6797128927410618
sex,0.846307385229541,0.4682926829268293,0.9435382685069009,0.6808510638297872,0.8734030197444832,0.5549132947976878,0.897776789318045,0.8379373848987108,0.8562091503267973,0.14548802946593,0.13507625272331156,0.5419161676646707,0.45808383233532934,0.8942601484068092,0.9039977248720241,0.7215189873417721,0.6290322580645161,0.8577586206896551,0.8916876574307305,0.7896388040157136,0.7603599577476233
