subgroup,accuracy,PPV,NPV,TPR,TNR,f1,auroc,accuracy_group_0,accuracy_group_1,disease_prevalence_group_0,disease_prevalence_group_1,prevalence_group_0,prevalence_group_1,auc_group_0,auc_group_1,tpr_group_0,tpr_group_1,tnr_group_0,tnr_group_1,balanced_acc_group_0,balanced_acc_group_1
age,0.846309403437816,0.5324074074074074,0.9340232858990944,0.6927710843373494,0.8772782503037667,0.6020942408376964,0.9045294177926773,0.8900445765230312,0.7531645569620253,0.1025260029717682,0.3069620253164557,0.6804853387259858,0.3195146612740142,0.9039495153085709,0.8650849691663137,0.5652173913043478,0.7835051546391752,0.9271523178807947,0.7397260273972602,0.7461848545925712,0.7616155910182177
sex,0.846309403437816,0.5324074074074074,0.9340232858990944,0.6927710843373494,0.8772782503037667,0.6020942408376964,0.9045294177926773,0.8068833652007649,0.8905579399141631,0.1988527724665392,0.13304721030042918,0.5288169868554095,0.4711830131445905,0.89829263814944,0.9042238901309485,0.7403846153846154,0.6129032258064516,0.8233890214797136,0.9331683168316832,0.7818868184321646,0.7730357713190674
