subgroup,accuracy,PPV,NPV,TPR,TNR,f1,auroc,accuracy_group_0,accuracy_group_1,disease_prevalence_group_0,disease_prevalence_group_1,prevalence_group_0,prevalence_group_1,auc_group_0,auc_group_1,tpr_group_0,tpr_group_1,tnr_group_0,tnr_group_1,balanced_acc_group_0,balanced_acc_group_1
age,0.8063872255489022,0.396078431372549,0.9464524765729585,0.7163120567375887,0.8211382113821138,0.51010101010101,0.8652564641147931,0.8672199170124482,0.6487455197132617,0.09681881051175657,0.25448028673835127,0.7215568862275449,0.27844311377245506,0.915182673375629,0.7281283856988082,0.8,0.6338028169014085,0.8744257274119449,0.6538461538461539,0.8372128637059725,0.6438244853737811
sex,0.8063872255489022,0.396078431372549,0.9464524765729585,0.7163120567375887,0.8211382113821138,0.51010101010101,0.8652564641147931,0.7697974217311234,0.8496732026143791,0.14548802946593,0.13507625272331156,0.5419161676646707,0.45808383233532934,0.8485104757747708,0.8864873649142764,0.7088607594936709,0.7258064516129032,0.7801724137931034,0.8690176322418136,0.7445165866433872,0.7974120419273585
