subgroup,accuracy,PPV,NPV,TPR,TNR,f1,auroc,accuracy_group_0,accuracy_group_1,disease_prevalence_group_0,disease_prevalence_group_1,prevalence_group_0,prevalence_group_1,auc_group_0,auc_group_1,tpr_group_0,tpr_group_1,tnr_group_0,tnr_group_1,balanced_acc_group_0,balanced_acc_group_1
age,0.8363273453093812,0.44549763033175355,0.9405815423514539,0.6666666666666666,0.8641114982578397,0.5340909090909091,0.8834688346883469,0.8879668049792531,0.7025089605734767,0.09681881051175657,0.25448028673835127,0.7215568862275449,0.27844311377245506,0.9170640997593524,0.7696370530877572,0.6714285714285714,0.6619718309859155,0.9111791730474732,0.7163461538461539,0.7913038722380223,0.6891589924160346
sex,0.8363273453093812,0.44549763033175355,0.9405815423514539,0.6666666666666666,0.8641114982578397,0.5340909090909091,0.8834688346883469,0.8250460405156538,0.8496732026143791,0.14548802946593,0.13507625272331156,0.5419161676646707,0.45808383233532934,0.8798286774334352,0.889575038595921,0.7215189873417721,0.5967741935483871,0.8426724137931034,0.889168765743073,0.7820957005674378,0.7429714796457301
