subgroup,accuracy,PPV,NPV,TPR,TNR,f1,auroc,accuracy_group_0,accuracy_group_1,disease_prevalence_group_0,disease_prevalence_group_1,prevalence_group_0,prevalence_group_1,auc_group_0,auc_group_1,tpr_group_0,tpr_group_1,tnr_group_0,tnr_group_1,balanced_acc_group_0,balanced_acc_group_1
age,0.8857431749241659,0.6666666666666666,0.927710843373494,0.6385542168674698,0.9356014580801945,0.6523076923076924,0.9053711809571214,0.9078751857355126,0.8386075949367089,0.1025260029717682,0.3069620253164557,0.6804853387259858,0.3195146612740142,0.8904165466935406,0.8883867626983006,0.5072463768115942,0.7319587628865979,0.9536423841059603,0.8858447488584474,0.7304443804587772,0.8089017558725227
sex,0.8857431749241659,0.6666666666666666,0.927710843373494,0.6385542168674698,0.9356014580801945,0.6523076923076924,0.9053711809571214,0.8718929254302104,0.9012875536480687,0.1988527724665392,0.13304721030042918,0.5288169868554095,0.4711830131445905,0.9210574628235726,0.8749201533056532,0.7115384615384616,0.5161290322580645,0.9116945107398569,0.9603960396039604,0.8116164861391593,0.7382625359310124
