subgroup,accuracy,PPV,NPV,TPR,TNR,f1,auroc,accuracy_group_0,accuracy_group_1,disease_prevalence_group_0,disease_prevalence_group_1,prevalence_group_0,prevalence_group_1,auc_group_0,auc_group_1,tpr_group_0,tpr_group_1,tnr_group_0,tnr_group_1,balanced_acc_group_0,balanced_acc_group_1
age,0.874251497005988,0.5510204081632653,0.9298245614035088,0.574468085106383,0.9233449477351916,0.5625,0.8951985568487903,0.9280774550484094,0.7347670250896058,0.09681881051175657,0.25448028673835127,0.7215568862275449,0.27844311377245506,0.9203019033034348,0.7954360780065006,0.5571428571428572,0.5915492957746479,0.9678407350689127,0.7836538461538461,0.7624917961058849,0.687601570964247
sex,0.874251497005988,0.5510204081632653,0.9298245614035088,0.574468085106383,0.9233449477351916,0.5625,0.8951985568487903,0.860036832412523,0.8910675381263616,0.14548802946593,0.13507625272331156,0.5419161676646707,0.45808383233532934,0.8964426014840682,0.8929471032745592,0.5949367088607594,0.5483870967741935,0.9051724137931034,0.9445843828715366,0.7500545613269314,0.746485739822865
