subgroup,accuracy,PPV,NPV,TPR,TNR,f1,auroc,accuracy_group_0,accuracy_group_1,disease_prevalence_group_0,disease_prevalence_group_1,prevalence_group_0,prevalence_group_1,auc_group_0,auc_group_1,tpr_group_0,tpr_group_1,tnr_group_0,tnr_group_1,balanced_acc_group_0,balanced_acc_group_1
age,0.871587462082912,0.6638655462184874,0.9,0.4759036144578313,0.951397326852977,0.5543859649122806,0.8762168967485983,0.9108469539375929,0.7879746835443038,0.1025260029717682,0.3069620253164557,0.6804853387259858,0.3195146612740142,0.87081293790191,0.8312855999623405,0.3333333333333333,0.5773195876288659,0.9768211920529801,0.8812785388127854,0.6550772626931567,0.7292990632208256
sex,0.871587462082912,0.6638655462184874,0.9,0.4759036144578313,0.951397326852977,0.5543859649122806,0.8762168967485983,0.858508604206501,0.8862660944206009,0.1988527724665392,0.13304721030042918,0.5288169868554095,0.4711830131445905,0.8953781898292639,0.8395879910571702,0.5192307692307693,0.4032258064516129,0.9427207637231504,0.9603960396039604,0.7309757664769598,0.6818109230277867
