subgroup,accuracy,PPV,NPV,TPR,TNR,f1,auroc,accuracy_group_0,accuracy_group_1,disease_prevalence_group_0,disease_prevalence_group_1,prevalence_group_0,prevalence_group_1,auc_group_0,auc_group_1,tpr_group_0,tpr_group_1,tnr_group_0,tnr_group_1,balanced_acc_group_0,balanced_acc_group_1
age,0.8624873609706775,0.5789473684210527,0.9299123904881101,0.6626506024096386,0.9027946537059538,0.6179775280898877,0.9102314482718237,0.8870728083209509,0.810126582278481,0.1025260029717682,0.3069620253164557,0.6804853387259858,0.3195146612740142,0.912227661003935,0.8804312008661678,0.5797101449275363,0.7216494845360825,0.9221854304635762,0.8493150684931506,0.7509477876955561,0.7854822765146166
sex,0.8624873609706775,0.5789473684210527,0.9299123904881101,0.6626506024096386,0.9027946537059538,0.6179775280898877,0.9102314482718237,0.8604206500956023,0.8648068669527897,0.1988527724665392,0.13304721030042918,0.5288169868554095,0.4711830131445905,0.9183724986230952,0.8954806770999681,0.7019230769230769,0.5967741935483871,0.8997613365155132,0.905940594059406,0.8008422067192951,0.7513573938038965
