subgroup,accuracy,PPV,NPV,TPR,TNR,f1,auroc,accuracy_group_0,accuracy_group_1,disease_prevalence_group_0,disease_prevalence_group_1,prevalence_group_0,prevalence_group_1,auc_group_0,auc_group_1,tpr_group_0,tpr_group_1,tnr_group_0,tnr_group_1,balanced_acc_group_0,balanced_acc_group_1
age,0.8857431749241659,0.6480446927374302,0.9382716049382716,0.6987951807228916,0.9234507897934386,0.672463768115942,0.9247097747002591,0.9197622585438335,0.8132911392405063,0.1025260029717682,0.3069620253164557,0.6804853387259858,0.3195146612740142,0.9310394471638354,0.892388080779551,0.6231884057971014,0.7525773195876289,0.9536423841059603,0.8401826484018264,0.7884153949515309,0.7963799839947276
sex,0.8857431749241659,0.6480446927374302,0.9382716049382716,0.6987951807228916,0.9234507897934386,0.672463768115942,0.9247097747002591,0.8776290630975143,0.8948497854077253,0.1988527724665392,0.13304721030042918,0.5288169868554095,0.4711830131445905,0.9337708830548925,0.9086154583200255,0.7596153846153846,0.5967741935483871,0.9069212410501193,0.9405940594059405,0.8332683128327519,0.7686841264771638
