subgroup,accuracy,PPV,NPV,TPR,TNR,f1,auroc,accuracy_group_0,accuracy_group_1,disease_prevalence_group_0,disease_prevalence_group_1,prevalence_group_0,prevalence_group_1,auc_group_0,auc_group_1,tpr_group_0,tpr_group_1,tnr_group_0,tnr_group_1,balanced_acc_group_0,balanced_acc_group_1
age,0.844311377245509,0.4630541871921182,0.9411764705882353,0.6666666666666666,0.8734030197444832,0.5465116279069767,0.894951441915635,0.8976486860304288,0.7060931899641577,0.09681881051175657,0.25448028673835127,0.7215568862275449,0.27844311377245506,0.9143513454386348,0.820964247020585,0.6,0.7323943661971831,0.9295558958652373,0.6971153846153846,0.7647779479326187,0.7147548754062838
sex,0.844311377245509,0.4630541871921182,0.9411764705882353,0.6666666666666666,0.8734030197444832,0.5465116279069767,0.894951441915635,0.8397790055248618,0.8496732026143791,0.14548802946593,0.13507625272331156,0.5419161676646707,0.45808383233532934,0.8882856831078132,0.9028601608840497,0.6962025316455697,0.6290322580645161,0.8642241379310345,0.8841309823677582,0.780213334788302,0.7565816202161372
