subgroup,accuracy,PPV,NPV,TPR,TNR,f1,auroc,accuracy_group_0,accuracy_group_1,disease_prevalence_group_0,disease_prevalence_group_1,prevalence_group_0,prevalence_group_1,auc_group_0,auc_group_1,tpr_group_0,tpr_group_1,tnr_group_0,tnr_group_1,balanced_acc_group_0,balanced_acc_group_1
age,0.8612774451097804,0.506578947368421,0.9247058823529412,0.5460992907801419,0.9128919860627178,0.5255972696245733,0.8834194117017158,0.9073305670816044,0.7419354838709677,0.09681881051175657,0.25448028673835127,0.7215568862275449,0.27844311377245506,0.9096915335812732,0.795977789815818,0.5142857142857142,0.5774647887323944,0.9494640122511485,0.7980769230769231,0.7318748632684313,0.6877708559046587
sex,0.8612774451097804,0.506578947368421,0.9247058823529412,0.5460992907801419,0.9128919860627178,0.5255972696245733,0.8834194117017158,0.8453038674033149,0.8801742919389978,0.14548802946593,0.13507625272331156,0.5419161676646707,0.45808383233532934,0.8726811436054124,0.8954253676769318,0.5569620253164557,0.532258064516129,0.8943965517241379,0.9345088161209067,0.7256792885202967,0.7333834403185179
