subgroup,accuracy,PPV,NPV,TPR,TNR,f1,auroc,accuracy_group_0,accuracy_group_1,disease_prevalence_group_0,disease_prevalence_group_1,prevalence_group_0,prevalence_group_1,auc_group_0,auc_group_1,tpr_group_0,tpr_group_1,tnr_group_0,tnr_group_1,balanced_acc_group_0,balanced_acc_group_1
age,0.8877654196157735,0.655367231638418,0.9384236453201971,0.6987951807228916,0.9258809234507898,0.6763848396501457,0.9243218316766458,0.9093610698365527,0.8417721518987342,0.1025260029717682,0.3069620253164557,0.6804853387259858,0.3195146612740142,0.9229532584701028,0.9037800687285222,0.5942028985507246,0.7731958762886598,0.945364238410596,0.8721461187214612,0.7697835684806603,0.8226709975050606
sex,0.8877654196157735,0.655367231638418,0.9384236453201971,0.6987951807228916,0.9258809234507898,0.6763848396501457,0.9243218316766458,0.8833652007648184,0.8927038626609443,0.1988527724665392,0.13304721030042918,0.5288169868554095,0.4711830131445905,0.9335643473471635,0.9077770680293836,0.7403846153846154,0.6290322580645161,0.918854415274463,0.9331683168316832,0.8296195153295391,0.7811002874480997
