subgroup,accuracy,PPV,NPV,TPR,TNR,f1,auroc,accuracy_group_0,accuracy_group_1,disease_prevalence_group_0,disease_prevalence_group_1,prevalence_group_0,prevalence_group_1,auc_group_0,auc_group_1,tpr_group_0,tpr_group_1,tnr_group_0,tnr_group_1,balanced_acc_group_0,balanced_acc_group_1
age,0.8063872255489022,0.39271255060728744,0.9417218543046357,0.6879432624113475,0.8257839721254355,0.5,0.8578347789556923,0.8672199170124482,0.6487455197132617,0.09681881051175657,0.25448028673835127,0.7215568862275449,0.27844311377245506,0.9044410413476264,0.7235915492957747,0.7142857142857143,0.6619718309859155,0.8836140888208269,0.6442307692307693,0.7989499015532706,0.6531013001083423
sex,0.8063872255489022,0.39271255060728744,0.9417218543046357,0.6879432624113475,0.8257839721254355,0.5,0.8578347789556923,0.7771639042357275,0.840958605664488,0.14548802946593,0.13507625272331156,0.5419161676646707,0.45808383233532934,0.8373799650807507,0.8812870723978223,0.6962025316455697,0.6774193548387096,0.790948275862069,0.8664987405541562,0.7435754037538194,0.7719590476964329
