subgroup,accuracy,PPV,NPV,TPR,TNR,f1,auroc,accuracy_group_0,accuracy_group_1,disease_prevalence_group_0,disease_prevalence_group_1,prevalence_group_0,prevalence_group_1,auc_group_0,auc_group_1,tpr_group_0,tpr_group_1,tnr_group_0,tnr_group_1,balanced_acc_group_0,balanced_acc_group_1
age,0.8604651162790697,0.6320754716981132,0.8878822197055493,0.4036144578313253,0.9526123936816525,0.49264705882352944,0.8691314468078877,0.8959881129271917,0.7848101265822784,0.1025260029717682,0.3069620253164557,0.6804853387259858,0.3195146612740142,0.8539687110087341,0.8416890269735913,0.2463768115942029,0.5154639175257731,0.9701986754966887,0.9041095890410958,0.6082877435454458,0.7097867532834345
sex,0.8604651162790697,0.6320754716981132,0.8878822197055493,0.4036144578313253,0.9526123936816525,0.49264705882352944,0.8691314468078877,0.8355640535372849,0.8884120171673819,0.1988527724665392,0.13304721030042918,0.5288169868554095,0.4711830131445905,0.8627914448320176,0.8713270520600448,0.47115384615384615,0.2903225806451613,0.9260143198090692,0.9801980198019802,0.6985840829814577,0.6352603002235707
