subgroup,accuracy,PPV,NPV,TPR,TNR,f1,auroc,accuracy_group_0,accuracy_group_1,disease_prevalence_group_0,disease_prevalence_group_1,prevalence_group_0,prevalence_group_1,auc_group_0,auc_group_1,tpr_group_0,tpr_group_1,tnr_group_0,tnr_group_1,balanced_acc_group_0,balanced_acc_group_1
age,0.8552894211576846,0.4830508474576271,0.9049773755656109,0.40425531914893614,0.9291521486643438,0.44015444015444016,0.8470852793634318,0.8948824343015215,0.7526881720430108,0.09681881051175657,0.25448028673835127,0.7215568862275449,0.27844311377245506,0.8856486545613651,0.740249187432286,0.32857142857142857,0.4788732394366197,0.9555895865237366,0.8461538461538461,0.6420805075475826,0.6625135427952329
sex,0.8552894211576846,0.4830508474576271,0.9049773755656109,0.40425531914893614,0.9291521486643438,0.44015444015444016,0.8470852793634318,0.850828729281768,0.8605664488017429,0.14548802946593,0.13507625272331156,0.5419161676646707,0.45808383233532934,0.8516477520733303,0.8417567238157146,0.4430379746835443,0.3548387096774194,0.9202586206896551,0.9395465994962217,0.6816482976865997,0.6471926545868205
