pca_mode,label similarity,sex similarity,age similarity
PCA Mode 1,0.651110542140604,0.10667837179192562,0.3395552958783846
PCA Mode 2,0.3346095414316413,0.15225872909959126,0.10956324023697023
PCA Mode 3,0.33456855821287945,0.1847177808096998,0.260896950690788
PCA Mode 4,0.3493052106764528,0.17036273129273605,0.15121452352576423
