subgroup,accuracy,PPV,NPV,TPR,TNR,f1,auroc,accuracy_group_0,accuracy_group_1,disease_prevalence_group_0,disease_prevalence_group_1,prevalence_group_0,prevalence_group_1,auc_group_0,auc_group_1,tpr_group_0,tpr_group_1,tnr_group_0,tnr_group_1,balanced_acc_group_0,balanced_acc_group_1
age,0.873253493013972,0.5897435897435898,0.8971861471861472,0.3262411347517731,0.9628339140534262,0.4200913242009133,0.8639632292979464,0.9059474412171508,0.7885304659498208,0.09681881051175657,0.25448028673835127,0.7215568862275449,0.27844311377245506,0.8880113760665063,0.7760021668472372,0.22857142857142856,0.4225352112676056,0.9785604900459418,0.9134615384615384,0.6035659593086852,0.667998374864572
sex,0.873253493013972,0.5897435897435898,0.8971861471861472,0.3262411347517731,0.9628339140534262,0.4200913242009133,0.8639632292979464,0.8674033149171271,0.8801742919389978,0.14548802946593,0.13507625272331156,0.5419161676646707,0.45808383233532934,0.8598046704495853,0.870358332656212,0.34177215189873417,0.3064516129032258,0.9568965517241379,0.9697732997481109,0.6493343518114361,0.6381124563256684
