subgroup,accuracy,PPV,NPV,TPR,TNR,f1,auroc,accuracy_group_0,accuracy_group_1,disease_prevalence_group_0,disease_prevalence_group_1,prevalence_group_0,prevalence_group_1,auc_group_0,auc_group_1,tpr_group_0,tpr_group_1,tnr_group_0,tnr_group_1,balanced_acc_group_0,balanced_acc_group_1
age,0.8634984833164813,0.7012987012987013,0.8771929824561403,0.3253012048192771,0.9720534629404617,0.4444444444444444,0.8637880806335915,0.9049034175334324,0.7753164556962026,0.1025260029717682,0.3069620253164557,0.6804853387259858,0.3195146612740142,0.8601113350609464,0.82328296379984,0.18840579710144928,0.422680412371134,0.9867549668874173,0.9315068493150684,0.5875803819944333,0.6770936308431013
sex,0.8634984833164813,0.7012987012987013,0.8771929824561403,0.3253012048192771,0.9720534629404617,0.4444444444444444,0.8637880806335915,0.8279158699808795,0.9034334763948498,0.1988527724665392,0.13304721030042918,0.5288169868554095,0.4711830131445905,0.8632733614833854,0.8495289045033536,0.3269230769230769,0.3225806451612903,0.9522673031026253,0.9925742574257426,0.6395951900128511,0.6575774512935164
