subgroup,accuracy,PPV,NPV,TPR,TNR,f1,auroc,accuracy_group_0,accuracy_group_1,disease_prevalence_group_0,disease_prevalence_group_1,prevalence_group_0,prevalence_group_1,auc_group_0,auc_group_1,tpr_group_0,tpr_group_1,tnr_group_0,tnr_group_1,balanced_acc_group_0,balanced_acc_group_1
age,0.8822355289421158,0.6533333333333333,0.9007551240560949,0.3475177304964539,0.9698025551684089,0.4537037037037037,0.8656436108434034,0.9225449515905948,0.7777777777777778,0.09681881051175657,0.25448028673835127,0.7215568862275449,0.27844311377245506,0.8927805731787355,0.7787784398699892,0.37142857142857144,0.323943661971831,0.9816232771822359,0.9326923076923077,0.6765259243054036,0.6283179848320694
sex,0.8822355289421158,0.6533333333333333,0.9007551240560949,0.3475177304964539,0.9698025551684089,0.4537037037037037,0.8656436108434034,0.8747697974217311,0.8910675381263616,0.14548802946593,0.13507625272331156,0.5419161676646707,0.45808383233532934,0.8532027498908774,0.8807589176891201,0.34177215189873417,0.3548387096774194,0.9655172413793104,0.9748110831234257,0.6536446966390222,0.6648248964004225
