subgroup,accuracy,PPV,NPV,TPR,TNR,f1,auroc,accuracy_group_0,accuracy_group_1,disease_prevalence_group_0,disease_prevalence_group_1,prevalence_group_0,prevalence_group_1,auc_group_0,auc_group_1,tpr_group_0,tpr_group_1,tnr_group_0,tnr_group_1,balanced_acc_group_0,balanced_acc_group_1
age,0.8776541961577351,0.8169014084507042,0.8823529411764706,0.3493975903614458,0.9842041312272175,0.4894514767932489,0.9065276903482704,0.9108469539375929,0.8069620253164557,0.1025260029717682,0.3069620253164557,0.6804853387259858,0.3195146612740142,0.894423649102601,0.9018500211834487,0.2753623188405797,0.4020618556701031,0.9834437086092715,0.9863013698630136,0.6294030137249256,0.6941816127665583
sex,0.8776541961577351,0.8169014084507042,0.8823529411764706,0.3493975903614458,0.9842041312272175,0.4894514767932489,0.9065276903482704,0.8565965583173997,0.9012875536480687,0.1988527724665392,0.13304721030042918,0.5288169868554095,0.4711830131445905,0.900220304754911,0.9107713190673906,0.36538461538461536,0.3225806451612903,0.9785202863961814,0.9900990099009901,0.6719524508903983,0.6563398275311402
