pca_mode,label similarity,sex similarity,age similarity,race similarity
PCA Mode 1,0.5232705556629443,0.05411169845073818,0.19386689624552725,0.05871315760702284
PCA Mode 2,0.3583607856158286,0.14151471888715658,0.20688019068996355,0.10632322056304734
PCA Mode 3,0.23129948198721942,0.12947708170781783,0.0990612304829906,0.07664842656309076
PCA Mode 4,0.3462060758416169,0.136683719873764,0.14578485325996476,0.14378411529240226
