subgroup,accuracy,PPV,NPV,TPR,TNR,f1,auroc,accuracy_group_0,accuracy_group_1,disease_prevalence_group_0,disease_prevalence_group_1,prevalence_group_0,prevalence_group_1,auc_group_0,auc_group_1,tpr_group_0,tpr_group_1,tnr_group_0,tnr_group_1,balanced_acc_group_0,balanced_acc_group_1
age,0.8662674650698603,0.5289256198347108,0.9125993189557321,0.45390070921985815,0.9337979094076655,0.48854961832061067,0.8746056457525061,0.9017980636237898,0.7741935483870968,0.09681881051175657,0.25448028673835127,0.7215568862275449,0.27844311377245506,0.9034784511047911,0.7825027085590466,0.37142857142857144,0.5352112676056338,0.9586523736600306,0.8557692307692307,0.6650404725443011,0.6954902491874322
sex,0.8662674650698603,0.5289256198347108,0.9125993189557321,0.45390070921985815,0.9337979094076655,0.48854961832061067,0.8746056457525061,0.856353591160221,0.8779956427015251,0.14548802946593,0.13507625272331156,0.5419161676646707,0.45808383233532934,0.8729266695766043,0.8748273340375397,0.4177215189873418,0.5,0.9310344827586207,0.9370277078085643,0.6743780008729812,0.7185138539042821
