subgroup,accuracy,PPV,NPV,TPR,TNR,f1,auroc,accuracy_group_0,accuracy_group_1,disease_prevalence_group_0,disease_prevalence_group_1,prevalence_group_0,prevalence_group_1,auc_group_0,auc_group_1,tpr_group_0,tpr_group_1,tnr_group_0,tnr_group_1,balanced_acc_group_0,balanced_acc_group_1
age,0.884732052578362,0.7280701754385965,0.9051428571428571,0.5,0.9623329283110571,0.5928571428571429,0.9030362031357507,0.9063893016344725,0.8386075949367089,0.1025260029717682,0.3069620253164557,0.6804853387259858,0.3195146612740142,0.8996304827718591,0.8766181801063879,0.3333333333333333,0.6185567010309279,0.9718543046357616,0.9360730593607306,0.6525938189845475,0.7773148801958292
sex,0.884732052578362,0.7280701754385965,0.9051428571428571,0.5,0.9623329283110571,0.5928571428571429,0.9030362031357507,0.8718929254302104,0.8991416309012875,0.1988527724665392,0.13304721030042918,0.5288169868554095,0.4711830131445905,0.897443546906554,0.9027866496327053,0.5576923076923077,0.4032258064516129,0.9498806682577565,0.9752475247524752,0.7537864879750321,0.6892366656020441
